id,target_name_ar,sentence,subject,relation,object,evidence,split
1,مبارك حمود سعدون الطشه,الموسوعه الحره نايب في مجلس الامه الكويتي الامير نواف الاحمد الجابر الصباح الدايره الانتخابيه معلومات شخصيه اسم الولاده مبارك حمود سعدون الطشه تاريخ الميلاد 1980 (العمر 45-46) الجنسيه الكويت الديانه الاسلام الحياه العمليه المدرسه الام جامعه الكويت,,,,,
2,معصومة صالح محمد المبارك,28 يوليو 2006 معلومات شخصيه اسم الولاده معصومه صالح محمد المبارك الميلاد 1947 (العمر 78-79) الاقامه الجنسيه الديانه الاسلام الحياه العمليه التعلم دكتوراه فلسفه في العلاقات الدوليه المدرسه الام جامعه دنفر جامعه شمال تكساس المهنه سياسيه اللغات العربيه موظفه في تعديل مصدري,,,,,
3,منصور الشيخ موسى المزيدي,الموسوعه الحره منصور المزيدي منصور المزيدي الاول من اليمين مناصب معلومات شخصيه اسم الولاده منصور الشيخ موسا المزيدي الميلاد 1905 الوفاه 24 يناير 1976 (71 سنه) الجنسيه الديانه مسلم الحياه العمليه المهنه سياسي رجل اعمال الحزب مستقل تعديل مصدري تعديل منصور الشيخ موسا المزيدي ( 1905 1976 ) عضو المجلس البلدي 1960 وعضو المجلس التاسيسي الكويتي ونايب مجلس الامه الكويتي لدورتين عام و1967 بالدايره الاولا شرق,,,,,
4,منصور العوض,20:00 العوضي مكرما احدا العسكريات قلد وكيل وزاره الداخليه المساعد لشوون امن المنافذ اللواء منصور العوضي,,,,,
5,مبارك محمد كنيفذ مرزوق الوعلان المطيري,الموسوعه الحره معلومات شخصيه اسم الولاده مبارك محمد كنيفذ مرزوق الوعلان تاريخ الميلاد (العمر 66-67) الجنسيه الكويت مناصب الحياه العمليه المدرسه الام شهاده جامعيه علوم سياسيه من المهنه سياسي الحزب كتله العمل الشعبي تعديل مصدري,,,,,
6,سعود محمد راشد بطي الشويعر,الموسوعه الحره سعود الشويعر معلومات شخصيه اسم الولاده سعود محمد راشد بطي الشويعر السليماني الميلاد (العمر 71-72) الجنسيه الديانه اهل السنه والجماعه الحياه العمليه التعلم دبلوم المدرسه الام المعهد الديني المهنه سياسي الحزب مستقل تعديل مصدري,,,,,
7,سعود محمد راشد بطي الشويعر,ودخل المجلس ثمانيه نواب جدد هم ثامر سعد غيث غانم جليدان السويط الظفيري ومبارك هيف سعد الحجرف ومحمد هايف سلطان عريج المطيري وعبدالله فهاد هندي فهد العنزي وشعيب شباب قديفان المويزري وعلي سالم الجعيلان الدقباسي وسعود محمد راشد بطي الشويعر ومرزوق خليفه مفرج الخليفه تعليقات القراء ملاحظه هامه: جميع الاراء والتعليقات تعبر عن وجهه نظر اصحابها فقط,,,,,
8,عبدالله حشر عايد البرغش,النايب عبدالله حشر عايد البرغش النايب عبدالله حشر عايد البرغش المصور : ارشيف,,,,,
9,جمال هاضل سالم الجلاوي,الموسوعه الحره جمال هاضل الجلاوي وزير العدل وزير الدوله لشوون تعزيز النزاهه في المنصب 28 ديسمبر 2021,,,,,
10,جمال هاضل سالم الجلاوي,الامير نواف الاحمد الجابر الصباح رييس الوزراء احمد نواف الاحمد الصباح عيسا احمد الكندري عبدالعزيز ماجد الماجد معلومات شخصيه اسم الولاده جمال هاضل سالم الجلاوي تاريخ الميلاد 1968 (العمر 57-58) مواطنه الكويت الحياه العمليه المهنه سياسي اللغات العربيه تعديل مصدري,,,,,
11,جمال هاضل سالم الجلاوي,مراجع عدل امر اميري بتشكيل الحكومه الجديده برياسه سمو الشيخ صباح الخالد الحمد الصباح تتضمن 15 وزيرا نسخه محفوظه 2021-12-28 علا موقع واي باك مشين المستشار جمال هاضل الجلاوي,,,,,
12,جمال هاضل سالم الجلاوي,A+ Aحكومه السيره الذاتيه لوزير العدل وزير الدوله لشوون النزاهه المستشار جمال الجلاوي 29/12/2021 LOC00:12 21:12 GMT وزير العدل وزير الدوله لشوون النزاهه المستشار جمال هاضل سالم الجلاوي الكويت,,,,,
13,جمال هاضل سالم الجلاوي,واليكم السيره الذاتيه لوزير العدل وزير الدوله لشوون النزاهه المستشار جمال هاضل سالم الجلاوي: حاصل علا شهاده الماجستير في القانون وعمل في اداره الفتوا والتشريع ضمن قطاع الاستيناف والتمييز الاداري والمحكمه الدستوريه وحاضر في الهييه العامه للتعليم التطبيقي والتدريب,,,,,
14,جمال هاضل سالم الجلاوي,وزير الاوقاف والشوون الاسلاميه المستشار جمال هاضل سالم الجلاوي المستشار جمال هاضل سالم الجلاوي نبذه حاصل علا درجه الماجستير في القانون,,,,,
15,جمال هاضل سالم الجلاوي,الرييسيه / الاشخاص / جمال هاضل سالم الجلاوي جمال هاضل سالم الجلاوي الطايفه سني العايله الجلاوي القبيله العوازم المشاركات في الحكومه الحكومه الوزاره الحكومه 40 وزاره الاوقاف والشوون الاسلاميه وزير الاوقاف والشوون الاسلاميه وزاره العدل وزير العدل ووزير دوله لشوون تعزيز النزاهه الحكومه 39 وزاره العدل وزير العدل ووزير دوله لشوون تعزيز النزاهه,,,,,
16,عبدالعزيز  ماجد,الموسوعه الحره عبدالعزيز ماجد الماجد وزير العدل ووزير الاوقاف والشوون الاسلاميه في المنصب,,,,,
17,عبدالعزيز  ماجد,احمد عبدالمجيد خاطر يعقوب عبدالله الماجد عبدالعزيز هوشان علي عبدالله الماجد محمد حمد شنوف الماجد يوسف سلطان ماجد البخيت الماجد عواطف عبدالمجيد خاطر يعقوب عبدالله الماجد علي عبدالجليل ياسين الماجد حمود خليفه احمد عبدالرحمن احمد الماجد عبدالعزيز ماجد عبدالعزيز الماجد وزير Comments & Questions Michael Herb,,,,,
18,حمود عبدالله الرقبة,وفيما يلي نبذه عن السيره الذاتيه للوزير الاسبق حمود عبدالله الرقبه,,,,,
19,حمود عبدالله الرقبة,حمود عبدالله الرقبه نبذه عن السيره الذاتيه للوزير الاسبق د,,,,,
20,حمود عبدالله الرقبة,حمود عبدالله الرقبه من مواليد 1951 في منطقه المرقاب حاصل علي شهاده بكالوريوس في الهندسه الكيمياييه عام 1974 من الولايات المتحده الامريكيه في عام 1977 حصل علي ماجستير في الهندسه الكيمياييه من انجلترا في عام 1981 حصل علا دكتوراه في الهندسه الكيمياييه من انجلترا في عام 1993 حصل علا دكتوراه فخريه في العلوم من انجلترا اما المناصب الرسميه التي شغلها الفقيد فهي كالتالي 1974-1975 مهندس بوزاره الكهرباء والماء 1981 استاذ بكليه الهندسه والبترول,,,,,
21,محمد ضيف الله القحص العنزي,طالع محمد ضيف الله (توضيح) مناصب معلومات شخصيه اسم الولاده محمد ضيف الله القحص العنزي الميلاد 1919 مدينه الكويت تاريخ الوفاه 23 مايو 2004 (85 سنه) مكان الدفن مقبره الجهراء الجنسيه الديانه الاسلام الحياه العمليه المهنه سياسي تعديل مصدري,,,,,
22,يوسف عبدالعزيز العلي الوزان,الموسوعه الحره يوسف الوزان معلومات شخصيه اسم الولاده يوسف عبد العزيز العلي الوزان الميلاد تاريخ الوفاه 29 اكتوبر 2009 (73 سنه) الجنسيه الديانه مسلم الاب عبد العزيز العلي الوزان الحياه العمليه المهنه سياسي الحزب مستقل تعديل مصدري,,,,,
23,محمد الحجرف,الرجاء اعاده المحاوله لا يوجد نتايج في عمليه تلخيص الموضوع محافظ الفروانيه الشيخ عذبي الناصر مستقبلا العميد محمد مطلق المطيري بحضور مساعد مدير امن محافظه الفروانيه العميد نايف محمد الحجرف استقبل محافظ الفروانيه الشيخ عذبي الناصر بمكتبه في ديوان عام المحافظه صباح امس العميد محمد مطلق جاسم المطيري قدم له التهنيه تعيينه مديرا عاما لمديريه امن محافظه الفروانيه,,,,,
24,حسين براك هادي حسين الحضيري الدوسري,الموسوعه الحره حسين براك الدوسري معلومات شخصيه اسم الولاده حسين براك هادي حسين الحضيري الدوسري الميلاد 1957 (العمر 69 سنه) الجنسيه الديانه مسلم الحياه العمليه المدرسه الام دبلوم علوم عسكريه المهنه سياسي الحزب قبلي,,,,,
25,خليل إبراهيم عبدالله المزين,خليل ابراهيم عبدالله المزين نايب علي سالم عبدالله محمد المزين فيصل حمد ابراهيم عبدالله محمد المزين Comments & Questions Michael Herb,,,,,
26,عيد هذال سعود مرحب الرشيدي,الموسوعه الحره عيد هذال الرشيدي وزير الاشغال العامه في المنصب 13 يوليو,,,,,
27,عيد هذال سعود مرحب الرشيدي,29 يناير 2001 الامير جابر الاحمد الصباح حمود الرقبه فهد الميع معلومات شخصيه اسم الولاده عيد هذال سعود مرحب الرشيدي الميلاد 1955 (العمر 71 سنه) الجنسيه الديانه مسلم الحياه العمليه المدرسه الام بكالوريوس في العلوم السياسيه والاقتصاد المهنه سياسي,,,,,
28,عايض علوش الخميشى العازمي,2024 تقدم النايب الدكتور احمد بن مطيع العازمي بمقترح بتسميه الشارع الرييسي بين ضاحيه صباح السالم ومنطقه العدان باسم عضو مجلس الامه الراحل عايض علوش الخميشي العازمي وذلك انطلاقا من تقدير جهود اعضاء مجلس الامه السابقين واعترافا بما قدموه من خدمات وتضحيات لاجل الوطن الغالي,,,,,
29,عايض علوش الخميشى العازمي,2024 تقدم النايب الدكتور احمد بن مطيع العازمي بمقترح بتسميه الشارع الرييسي بين ضاحيه صباح السالم ومنطقه العدان باسم عضو مجلس الامه الراحل عايض علوش الخميشي العازمي,,,,,
30,فراج زبن عربيد جلوي العربيد,خلف فراج فهد العربيد الرشايده ناصر صالح شعبان العاشور العربيد فراج زبن عربيد جلوي العربيد الرشايده سني نايب Comments & Questions Michael Herb,,,,,
31,عبدالوهاب سليمان الفوزان,وزير الصحه الكويتي السابق 1994 1 السيره الشخصيه الدكتور عبد الوهاب سليمان الفوزان ولد بالكويت عام 1952,,,,,
32,بدر غريد سعوى راشد البذالي,الموسوعه الحره بدر البذالي معلومات شخصيه اسم الولاده بدر غريد سعوي راشد البذالي تاريخ الميلاد 1972 (العمر 54 سنه) الجنسيه الديانه مسلم الحياه العمليه التعلم ليسانس حقوق المهنه سياسي,,,,,
33,بدر غريد سعوى راشد البذالي,تعديل بدر غريد سعوي راشد البذالي ولد في في 6 مايو عام 1972 شارك في الانتخابات البرلمانيه السادسه عشر 2012 في تاريخ الكويت,,,,,
34,فلاح ضاحي فلاح ضاحي دلواح الهاجري,الموسوعه الحره معلومات شخصيه اسم الولاده فلاح ضاحي فلاح ضاحي الهاجري الميلاد 1976 (العمر 49-50) الكويت الجنسيه كويتي الديانه الاسلام الحياه العمليه التعلم دكتوراه بالشريعه الاسلاميه المدرسه الام جامعه الكويت المهنه سياسي تعديل مصدري,,,,,
35,فلاح ضاحي فلاح ضاحي دلواح الهاجري,"تعديل فلاح ضاحي فلاح ضاحي دلواح الهاجري ( 1976 -) نايب في مجلس الامه الكويتي 1 السيره الشخصيه عدل شارك النايب في انتخابات مجلس الامه الكويتي 2022 وحصل علا المركز السادس في الدايره الانتخابيه الثانيه برصيد 2,921 صوت وفاز بالانتخابات",,,,,
36,فلاح ضاحي فلاح ضاحي دلواح الهاجري,عضو منتدب بالهييه العامه للتعليم التطبيقي والتدريب 2 مراجع عدل ^ فلاح ضاحي فلاح ضاحي دلواح الهاجري نسخه محفوظه 2022-10-05 علا موقع واي باك مشين ^ السيره الذاتيه للفايزين ب,,,,,
37,سعد إبراهيم سعد الخراز,الموسوعه الحره سعد الخراز وزير الشوون الاجتماعيه والعمل في المنصب 25 ديسمبر 2018,,,,,
38,سعد إبراهيم سعد الخراز,^ السيره الذاتيه لوزير الشوون الجديد سعد الخراز نسخه محفوظه 2020-06-05 علا موقع واي باك مشين,,,,,
39,مبارك فالح رجعان راعى الفحماء,الموسوعه الحره مناصب معلومات شخصيه اسم الولاده مبارك فالح رجعان راعي الفحماء تاريخ الميلاد سنه 1937 تاريخ الوفاه 1 سبتمبر 2004 (74 سنه) الجنسيه الكويت الحياه العمليه المهنه سياسي الحزب مستقل,,,,,
40,محمد وسمي ناصر السديران,الموسوعه الحره مناصب معلومات شخصيه اسم الولاده محمد وسمي ناصر السديران العازمي الميلاد 1913 تاريخ الوفاه 1 يناير 1979 (66 سنه) الجنسيه الديانه مسلم الحياه العمليه المهنه سياسي الحزب مستقل قبلي تعديل مصدري تعديل محمد وسمي ناصر السديران العازمي,,,,,
41,محمد وسمي ناصر السديران,محمد وسمي ناصر السديران العوازم سني نائب Comments & Questions Michael Herb,,,,,
42,عبداللطيف عبدالوهاب عبدالرحمن مبارك العميري,النايب عبداللطيف عبدالوهاب عبدالرحمن مبارك العميري النايب عبداللطيف عبدالوهاب عبدالرحمن مبارك العميري المصور : ارشيف,,,,,
43,مطلق محمد صعصيع الشليمي,الموسوعه الحره مطلق الشليمي مناصب معلومات شخصيه اسم الولاده مطلق محمد صعصيع الشليمي الميلاد 1937 الشاميه الوفاه 26 اغسطس 2000 (63 سنه) سبب الوفاه حادث سياره مواطنه الحياه العمليه المهنه سياسي تعديل مصدري تعديل مطلق محمد صعصيع الشليمي الظفيري ( 1937 2000 ) 1 نايب سابق في مجلس الامه الكويتي,,,,,
44,سعد الحتيرش,وان ما جيت به انا غير ذلك اما ما ذهبت اليه من وجود بعض الشواهد الموغله في التاريخ بما يكون اكبر وابعد من رواتب الاخباريين ولا تقر بما حاولت انا اثباته حسب اعتقادك ومنها قول شايع الامسح ابن رمال عندما لجا الا سعد الحتيرش امير بقعا ومن قوله : سعد زعيم للسواعد هل الوفا يفخر به اجيال وراها اجيال الا ان قال : سقا الله دار قد سكنها العتيبي سقاها من النو الثقيل خيال نقول ان شايع الامسح ما هو الا احد الاخباريين واخباريته تاتي في شعره,,,,,
45,محمد صقر المعوشرجي,نعم المدير ونعم الوزير والانسان محمد صقر المعوشرجي في ذمه الله 19 ديسمبر 2016 المصدر : الانباء عدد التعليقات 7 A+ Aصاحب السمو الامير الشيخ صباح الاحمد مصافحا,,,,,
46,محمد صقر المعوشرجي,واستمر العم محمد صقر المعوشرجي في منصبه الا عام 1980 وطلب التقاعد وعين عضوا في المجلس البلدي في العام نفسه ثم انتخب نايبا لرييس المجلس البلدي وكان الرييس حينذاك العم عبدالعزيز العدساني,,,,,
47,محمد صقر المعوشرجي,يقول الشاعر المتنبي: وقد فارق الناس الاحبه قبلناواعيا دواء الموت كل طيب تسلم العم محمد صقر المعوشرجي حقيبه وزاره الاوقاف والشوون الاسلاميه وكان اول وزير للاوقاف بعد الاحتلال العراقي وكانت المساجد حينذاك تحتاج الا صيانه حيث كان هناك اكثر من 500 مسجد بحاجه ماسه لاعمال الصيانه العاجله وبعضها هدمه الاحتلال الغاشم وبعض المساجد حولت الا مخازن اسلحه ومكان امن للمسروقات,,,,,
48,راشد عوض مطلق الجويسري,الموسوعه الحره معلومات شخصيه اسم الولاده راشد عوض مطلق الجويسري الميلاد 1943 (العمر 83 سنه) الجنسيه الديانه مسلم الحياه العمليه المهنه سياسي الحزب قبلي,,,,,
49,فلاح مطلق هذال مقدن الصواغ العازمي,الموسوعه الحره معلومات شخصيه اسم الولاده فلاح مطلق هذال مقدن الصواغ العازمي الميلاد 23 مايو 1961 ( 1961-05-23 ) الوفاه 11 اكتوبر 2016 (55 سنه) الجنسيه كويتي مناصب الحياه العمليه التعلم دبلوم في معهد المعلمين المهنه سياسي تعديل مصدري,,,,,
50,فلاح مطلق هذال مقدن الصواغ العازمي,A+ Aعام الكويت تفقد النايب الاسبق فلاح الصواغ العازمي 11/10/2016 LOC16:21 13:21 GMT النايب الاسبق في مجلس الامه المرحوم فلاح الصواغ العازمي الكويت,,,,,
51,فلاح مطلق هذال مقدن الصواغ العازمي,10 (كونا) -- فقدت دوله الكويت اليوم النايب الاسبق في مجلس الامه فلاح مطلق هذال مقدن الصواغ العازمي عن عمر 55 عاما اثر مضاعفات صحيه عقب عمل جراحي اجري له في مستشفا البابطين للجراحه والحروق حيث توفي هناك,,,,,
52,فلاح مطلق هذال مقدن الصواغ العازمي,وكان النايب الاسبق في مجلس الامه فلاح مطلق هذال مقدن الصواغ العازمي توفي اليوم عن عمر 55 عاما اثر مضاعفات صحيه عقب عمل جراحي اجري له في مستشفا البابطين للجراحه والحروق حيث توفي هناك,,,,,
53,فيصل  الديحاني,مدير اداره العلاقات العامه والاعلام الامني في وزاره الداخليه العقيد فيصل الديحاني: كلمات سمو الامير الشيخ مشعل الاحمد عن وحده الوطن وتماسكه لابد ان نترجمها الا افعال,,,,,
54,خالد حسين عبد علي عبدالرحيم الشطي,تعديل خالد حسين عبد علي عبد الرحيم الشطي نايب سابق في مجلس الامه الكويتي 1 من مواليد 1970,,,,,
55,ناصر صنهات ساير العصيمي,الموسوعه الحره مناصب معلومات شخصيه اسم الولاده ناصر صنهات ساير العصيمي تاريخ الميلاد سنه 1926 الوفاه سنه 1982 (55-56 سنه) الولايات المتحده مكان الدفن مقبره الصليبيخات مواطنه الكويت الحياه العمليه المهنه سياسي تعديل مصدري,,,,,
56,ناصر صنهات ساير العصيمي,تعديل ناصر صنهات ساير العصيمي نايب سابق في سيرته نايب سابق في,,,,,
57,ناصر صنهات ساير العصيمي,"شاركات: 2,002 بناء علا المرسوم رقم (9) الصادر في عام 196م الخاص بقانون المختارين تم الاعلان عن نتايج انتخاب مختار لمنطقه خيطان في تاريخ 25 يناير 1961م وكانت نتيجه الانتخاب هو فوز المرحوم ناصر صنهات العصيمي ليصبح مختارا لمنطقه خيطان وتم نشر هذا الاعلان في"" صحيفه الكويت اليوم"" ويلاحظ ان رييس لجنه المختارين في تلك الفتره هو صاحب السمو امير البلاد الشيخ صباح الاحمد الصباح وهي المره الاولي والاخيره التي يتم بها انتخاب مختار للمناطق في الكويت حيث اصبح بعد عام 1961م بالت",,,,,
58,ناصر صنهات ساير العصيمي,"القصور المشاركات: 2,002 بناء علا المرسوم رقم (9) الصادر في عام 196م الخاص بقانون المختارين تم الاعلان عن نتايج انتخاب مختار لمنطقه خيطان في تاريخ 25 يناير 1961م وكانت نتيجه الانتخاب هو فوز المرحوم ناصر صنهات العصيمي ليصبح مختارا لمنطقه خيطان وتم نشر هذا الاعلان في"" صحيفه الكويت اليوم"" ويلاحظ ان رييس لجنه المختارين في تلك الفتره هو صاحب السمو امير البلاد الشيخ صباح الاحمد الصباح وهي المره الاولي والاخيره التي يتم بها انتخاب مختار للمناطق في الكويت",,,,,
59,نواف بهيش سعد هواش العازمي,الموسوعه الحره معلومات شخصيه اسم الولاده نواف بهيش سعد هواش العازمي الميلاد 1978 (العمر 47-48) الاقامه الجنسيه العرق عربي الديانه الاسلام عضويه مجلس الامه الكويتي 2024 الحياه العمليه شهاده جامعيه دبلوم المهنه سياسي اللغات العربيه تعديل مصدري,,,,,
60,جراح المطيري,وقال نايب المدير العام المهندس جراح المطيري انه تم التعاقد مع احدا شركات المقاولات الكبرا لتنفيذ مشروع «فلل البدره» حيث قامت الاداره الهندسيه بالشركه باعتماد البرنامج الزمني لتنفيذ المشروع باقل مده زمنيه ضمن معايير عاليه الجوده,,,,,
61,جراح المطيري,جراح المطيري مديرا لمكتب الوزير الجبري,,,,,
62,علي أحمد إبراهيم أحمد البغلي,1996 الانتخابات انتخابات مجلس الامه الكويتي 1992 معلومات شخصيه الميلاد 1 يناير 1947 مدينه الكويت الوفاه 26 فبراير 2023 (76 سنه) 2 مدينه الكويت سبب الوفاه نوبه قلبيه مواطنه الكويت الديانه مسلم عضويه الحياه العمليه المدرسه الام جامعه الكويت (الشهاده: بكالوريوس الحقوق ) (-1972) المهنه سياسي ومحام وكاتب اللغه الام العربيه اللغات العربيه والفرنسيه تعديل مصدري تعديل علي احمد ابراهيم احمد البغلي ( 1 يناير 1947 26 فبراير 2023 ) هو وزير كويتي سابق,,,,,
63,فيصل بندر وطيان الدويش,الموسوعه الحره معلومات شخصيه اسم الولاده فيصل بندر وطبان الدويش الميلاد 1947 (العمر 79 سنه) الجنسيه الديانه مسلم الحياه العمليه المهنه سياسي,,,,,
64,فيصل بندر وطيان الدويش,امير قبيله الحزب قبلي مستقل تعديل مصدري تعديل فيصل بندر وطبان الدويش المطيري من مواليد دوله الكويت في عام 1947,,,,,
65,مريم عقيل السيد هاشم العقيل,"عدنان هاشم احمد العقيل مدير موسسه الكويت للتقدم العلمي سابقا وكذلك منهم الوزيره مريم عقيل هاشم العقيل ولهم مصاهرات مع اسره الشهاب""خضير"" والونيان وغيرهم",,,,,
66,مريم عقيل السيد هاشم العقيل,ومريم عقيل هاشم العقيل لتصبح وزيره للشوون الاجتماعيه ووزيره دوله للشوون الاقتصاديه,,,,,
67,أحمد العيدان,"1 تريليونات قدم مكعبه من الغاز 2024/7/23 العيدان: سموه صاحب رويه ثاقبه لاعلاء شان الكويت ودفع مسار التطوير والتنميه 2023/12/21 الرييس التنفيذي ل ""نفط الكويت"" احمد العيدان: سمو الامير صاحب رويه ثاقبه ونجح في دفع مسار التطوير والتنميه والتقدم واعلاء شان الكويت 2023/12/20 الرييس التنفيذي ل «نفط الكويت» يحصد جايزه شخصيه العام 2023/6/16 انقر لتحميل المزيد",,,,,
68,مناور ذياب نقا القوزاني العازمي,اي معلومات غير موثقه يمكن التشكيك بها و ازالتها ( مارس 2020 ) معلومات شخصيه اسم الولاده مناور ذياب نقا القوزاني العازمي الميلاد (العمر 61 سنه) الجنسيه الديانه مسلم الحياه العمليه المهنه سياسي الحزب مستقل,,,,,
69,مناور ذياب نقا القوزاني العازمي,نايب سابق في مجلس الامه الكويتي فبراير 2012 نبذه [ عدل ] مناور ذياب نقا القوزاني العازمي مواليد,,,,,
70,فيصل محمد الحجي بوخضور,الموسوعه الحره فيصل الحجي بوخضور مناصب وزير الدوله لشوون مجلس الوزراء 25 مارس 2007,,,,,
71,فيصل محمد الحجي بوخضور,"المراجع ""وفاه الوزير والسفير الكويتي في البحرين سابقا فيصل الحجي بوخضور"" جريده الوطن البحرينيه",,,,,
72,فيصل محمد الحجي بوخضور,"اطلع عليه بتاريخ 2021-10-25 ""وفاه السفير الكويتي الاسبق فيصل الحجي بوخضور بالبحرين""",,,,,
73,فيصل محمد الحجي بوخضور,اطلع عليه بتاريخ 2021-10-25 الكويت تفقد برحيل الوزير الاسبق فيصل الحجي بوخضور احد ابنايها المخلصين بعد رحله طويله بالعمل الدبلوماسي والسياسي,,,,,
74,عبدلله عبدالصمد معرفي,الرييسيه / الاشخاص / عبدلله عبدالصمد معرفي عبدلله عبدالصمد معرفي العايله معرفي المشاركات في الحكومه الحكومه الوزاره الحكومه 37 وزاره الدوله لشوون الاسكان والتطوير العمراني وزير الاسكان وزاره الدوله لشوون الخدمات وزير دوله لشوون الخدمات,,,,,
75,عبدلله عبدالصمد معرفي,وزير الحكومه الطايفه شيخ\منتخب فرع العايله الحاكمه العايله القبيله عبدلله عبدالصمد معرفي الحكومه 37 معرفي مبارك سالم مبارك ناصر الحريص الحكومه 36 سني الحريص العوازم جنان محسن حسن رمضان بوشهري الحكومه 35 / من تشكيل الحكومه الا 24-12-2018 بوشهري خالد ناصر عبدالله الروضان الحكومه 35 / من 24-12-2018 الا نهايه الحكومه الروضان ياسر حسن ابل الحكومه 34 عيسا محمد ابراهيم المزيدي الحكومه 13 الثانيه عيسا محمد ابراهيم المزيدي الحكومه 13,,,,,
76,عمار محمد عمار لبدان العجمي,الموسوعه الحره معلومات شخصيه اسم الولاده عمار محمد عمار لبدان العجمي الميلاد 1962 (العمر 63-64) الكويت الجنسيه كويتي الحياه العمليه التعلم بكالريوس طيران تجاري المهنه سياسي,,,,,
77,بدر فهد علي الدويلة,محامي تعديل مصدري تعديل بدر فهد علي الدويله وزير كويتي سابق من مواليد 8 فبراير,,,,,
78,علي ثنيان صالح الأذينة,الموسوعه الحره مناصب معلومات شخصيه اسم الولاده علي ثنيان صالح الاذينه الميلاد 1917 تاريخ الوفاه 30 نوفمبر 1971 (54 سنه) الجنسيه الديانه مسلم الحياه العمليه المهنه سياسي الحزب مستقل قبلي تعديل مصدري تعديل علي ثنيان صالح الاذينه العازمي,,,,,
79,خالد محمد العجمي,عبدالله المملوك اصدرت الرييس التنفيذي في شركه صناعه الكيماويات البتروليه ناديه الحجي تعميما يقضي بتعيين خالد محمد العجمي مديرا للموارد البشريه ويعود باعماله الا نايب الرييس التنفيذي لقطاع الشوون,,,,,
80,محمد عبدالمحسن فراج العصيمي,الموسوعه الحره محمد عبد المحسن العصيمي العصيمي بالوسط مشاركا بالمظاهرات ضد الغزو العراقي في التشيك معلومات شخصيه اسم الولاده محمد عبدالمحسن فراج العصيمي الميلاد 1936 تاريخ الوفاه 30 نوفمبر 1991 (55 سنه) الجنسيه الديانه مسلم الحياه العمليه المهنه سياسي الحزب مستقل قبلي تعديل مصدري تعديل محمد عبد المحسن فراج العصيمي مواليد دوله الكويت ( 1936 1991 ),,,,,
81,مشاري جاسم مشاري العنجري,مشاري جاسم مشاري العنجري الرييسيه ال,,,,,
82,راشد صالح التوحيد,فقدت الكويت عضو مجلس الامه السابق راشد صالح التوحيد بعد مسيره طويله من العمل البرلماني,,,,,
83,راشد صالح التوحيد,الكويت نشر : السبت 10-2-2024م الاحد 11-2-2024م س س فقدت الكويت عضو مجلس الامه الاسبق راشد صالح التوحيد بعد مسيره طويله في العمل البرلماني,,,,,
84,عوده عودة بشيت هجيج عودة الرويعي,الموسوعه الحره عوده الرويعي معلومات شخصيه اسم الولاده عوده عوده بشيت هجيج الرويعي تاريخ الميلاد 1968 (العمر 57-58) الجنسيه الكويت الديانه مسلم الحياه العمليه المدرسه الام دكتوراه الفلسفه في علم النفس المهنه سياسي تعديل مصدري,,,,,
85,عوده عودة بشيت هجيج عودة الرويعي,وحافظ 20 نايبا سابقين علا مقاعدهم الانتخابيه وهم عدنان سيد عبدالصمد وعيسا احمد الكندري ومحمد مروي الهديه وصالح احمد عاشور ومبارك سالم الحريص مرزوق علي الغانم وخليل ابراهيم الصالح وحمد سيف الهرشاني وخلف دميثير العنزي وراكان يوسف النصف وعوده عوده الرويعي,,,,,
86,ثامر سعد غيث غانم جليدان السويط الظفيري,الموسوعه الحره نايب مجلس الامه الكويتي معلومات شخصيه اسم الولاده ثامر سعد غيث السويط الظفيري الميلاد 13 فبراير 1976 (العمر 50 سنه) الكويت الجنسيه كويتي الديانه مسلم الحياه العمليه المهنه مهندس الحزب مستقل,,,,,
87,ثامر علي الصباح السالم الصباح,3 4 5 6 References صدور مرسوم التشكيله الحكوميه الجديده 14 December 2020 at the امر اميري بتشكيل الحكومه الجديده برياسه سمو الشيخ صباح الخالد الحمد الصباح تتضمن 15 وزيرا 30 December 2021 at the السيره الذاتيه ل الشيخ ثامر علي صباح السالم الصباح وزير الداخليه,,,,,
88,نايف الرومي,عام / امر ملكي : تعيين الدكتور نايف الرومي محافظا لهييه تقويم التعليم العام,,,,,
89,نايف الرومي,"وكشف الدكتور نايف الرومي محافظ هييه تقويم التعليم العام بان الهدف الاستراتيجي للهييه هو عدم تضخيم عدد الكادر الذي يعمل فيها لافتا الا ان الاستفاده من الحلول التقنيه له الاثر الكبير في تنفيذ برامج ومشروعات الهييه او حتا النظام الاداري والمالي ويوسس الا مشروع يخدم العمليه التعليميه في المملكه مشيرا الا انه في حال عدم وجود مثل تلك الحلول التقنيه يسبب بشكل او باخر زياده الكادر, كون الهييه تركز ليس علا الكادر بل علا نوعيه محدده في الكادر الذي يعمل لديها",,,,,
90,الحميدي بدر الحميدي بدر السبيعي,الموسوعه الحره الحميدي السبيعي معلومات شخصيه اسم الولاده الحميدي بدر الحميدي بدر السبيعي الميلاد 1 يناير 1967 (العمر 59 سنه) الكويت الجنسيه الكويت الديانه مسلم منصب نايب سابق في مجلس الامه الكويتي الحياه العمليه المدرسه الام جامعي المهنه سياسي,,,,,
91,الحميدي بدر الحميدي بدر السبيعي,"عضويه مجلس الامه عن الدايره الخامسه 27/11/2016"" في 2020-12-18 2021-12-29 ""الحميدي بدر الحميدي بدر السبيعي"" في 2016-11-02 2020-02-29 ""مجلس الامه",,,,,
92,مفلح فرحان النامي العازمي,الموسوعه الحره مفلح العازمي معلومات شخصيه اسم الولاده مفلح فرحان النامي العازمي مكان الميلاد الجنسيه الديانه مسلم الحياه العمليه المهنه سياسي الحزب مستقل,,,,,
93,محمد رفيع حسين معرفي,وانتخب محمد رفيع ضمن هذا المجلس وساهم في تاسيس الديمقراطيه في الكويت بشكل كبير,,,,,
94,يوسف المطيري,الحويله تعين يوسف المطيري متحدثا رسميا ل«الشوون» نشر في 10-07-2025,,,,,
95,يوسف المطيري,15:07 يوسف المطيري المتحدث باسم وزاره الشوون الاجتماعيه اصدرت وزيره الشوون الاجتماعيه وشوون الاسره والطفوله,,,,,
96,عبدالله حمد الهاشمى العجمي,الموسوعه الحره عبد الله حمد العجمي معلومات شخصيه اسم الولاده عبدالله حمد الهاشما العجمي الميلاد القرن 20 تاريخ الوفاه القرن 20 الجنسيه الديانه مسلم الحياه العمليه المهنه سياسي الحزب مستقل,,,,,
97,عالية فيصل حمود زيد الخالد,الموسوعه الحره عاليه الخالد معلومات شخصيه اسم الولاده عاليه فيصل حمود زيد الخالد الميلاد 1974 (العمر 51-52) الكويت الجنسيه كويتي الديانه الاسلام الحياه العمليه التعلم بكالوريوس اداره اعمال المدرسه الام جامعه الكويت المهنه سياسي الحزب مستقل تعديل مصدري,,,,,
98,عالية فيصل حمود زيد الخالد,تعديل عاليه فيصل حمود زيد الخالد ( 1974 -) نايب سابق في مجلس الامه الكويتي,,,,,
99,مبارك بنيه متعب فهد الخرينج,الموسوعه الحره معلومات شخصيه اسم الولاده مبارك بنيه متعب فهد الخرينج تاريخ الميلاد 1 يناير 1948 (العمر 78 سنه) الجنسيه مناصب الحياه العمليه المهنه سياسي سنوات النشاط 1992,,,,,
100,مبارك بنيه متعب فهد الخرينج,نايب رييس مجلس الامه السابق في مجلس الامه الكويتي سيرته الذاتيه مبارك بنيه متعب فهد الخرينج من مواليد لعام 1948 وحاصل علا شهاده الثانويه العامه,,,,,
101,مبارك بنيه متعب فهد الخرينج,وبخلاف ذلك لم يتواني لحظه عن تقديم يد العون لكل من طلب منه ذلك وخاصه من ابناء الجاليه المصريه فاصبح رييسا للجنه العلاقات المصريه الكويتيه في مجلس الامه الكويتي لما يتمتع به من علاقات وطيده في كافه البلدان العربيه وفي السطور التاليه نسرد لمحات بسيطه حول السيد / مبارك بنيه الخرينج التعريف بمبارك الخرينج مبارك بنيه متعب فهد الخرينج من مواليد الكويت لعام 1948,,,,,
102,عبدالله متعب مسفر مرزوق العرادة,"ابرز مواقفه في مجلس الامه مجلس الامه الكويتي 1999 4 الموضوع الموقف الكتل اسلامي مستقل حقوق المراه السياسيه (1999) غير موافق تجنيس البدون (2000) موافق استجواب الوزير عادل الصبيح ضد الاستجواب استجواب الوزير يوسف الابراهيم مع الاستجواب استجواب الوزير محمد ضيف الله شرار ضد الاستجواب مراجع ""عبدالله متعب مسفر مرزوق العراده"" في 2019-10-15 2019-12-28 https://www",,,,,
103,محمد ابطيحان الدويهيس,وفي التشكيل الوزاري ال19 بتاريخ 13 يوليو 1999 تم تعيين الدكتور محمد ابطيحان الدويهيس وزيرا للتخطيط ووزير دوله لشيون التنميه الاداريه,,,,,
104,مفرج نهار مفرج خلف المطيري,الموسوعه الحره معلومات شخصيه اسم الولاده مفرج نهار مفرج خلف المطيري الميلاد 1959 (العمر 67 سنه) الجنسيه الديانه مسلم الحياه العمليه المدرسه الام بكالوريوس محاسبه المهنه سياسي الحزب التجمع السلفي تعديل مصدري,,,,,
105,عبدالله المسلماني,عبدالله المسلماني محامي الدوله وقايد فريق الدفاع في محكمه العدل الدوليه حول قضايا جزر حوار وتوابعها و منطقه الزباره والمنطقه الاقتصاديه وفشت الديبل,,,,,
106,ماجد مساعد عوض مطلق الرشاش المطيري,الموسوعه الحره معلومات شخصيه اسم الولاده ماجد مساعد عوض مطلق الرشاش المطيري الميلاد 29 ابريل 1972 (العمر 53 سنه) الكويت الجنسيه الكويت الديانه مسلم الحياه العمليه المدرسه الام بكالوريوس اداره اعمال المهنه سياسي تعديل مصدري,,,,,
107,ماجد مساعد عوض مطلق الرشاش المطيري,نايب في مجلس الامه الكويتي 1 2 سيرته ماجد مساعد حاصل علا بكالوريوس اداره اعمال,,,,,
108,ماجد مساعد عوض مطلق الرشاش المطيري,"ماجد مساعد المطيري"" مجلس الامه في 9 يناير 2020",,,,,
109,أنور عراك عنتر عواد الفكر الظفيري,ونايب سابق في مجلس الامه الكويتي 1 السيره العلميه والبرلمانيه عدل حصل انور عراك عنتر عواد الفكر الظفيري علا بكالوريوس في التربيه الخاصه من كليه التربيه الاساسيه,,,,,
110,عبدالمطلب عبدالحسين حسن الكاظمي,الكاظمي متحدثا في مجلس الامه وبجانبه الشيخ صباح الاحمد الجابر حينما كان وزيرا للخارجيه وفي موقع تاريخ الكويت وجدت ما يفيد ان جد الوزير عبدالمطلب الكاظمي اي حسن الكاظمي كان متزوجا من سيده من عايله الجمالي المعروفه,,,,,
111,عبدالمطلب عبدالحسين حسن الكاظمي,عبدالمطلب عبدالحسين حسن الكاظمي وزير عبدالحسين نعمان عبدالحسين الكاظمي زيد عبدالحسين حسن الكاظمي عبداللطيف عبدالحسين حسن الكاظمي محمد علام عبداللطيف عبدالحسين حسن الكاظمي Comments & Questions Michael Herb,,,,,
112,عبدالمطلب عبدالحسين حسن الكاظمي,عبدالمطلب عبدالحسين حسن الكاظمي وزير عبدالحسين نعمان عبدالحسين الكاظمي زيد عبدالحسين حسن الكاظمي عبداللطيف عبدالحسين حس,,,,,
113,محمد عبدالرحمن بوزبر,الرييسيه / الاشخاص / محمد عبدالرحمن بوزبر محمد عبدالرحمن بوزبر المشاركات في الحكومه الحكومه الوزاره الحكومه 41 وزاره العدل وزير العدل و وزير دوله لشوون تعزيز النزاهه وزاره الاوقاف والشوون الاسلاميه وزير الاوقاف و الشوون الاسلاميه,,,,,
114,فيصل عبدالحميد الصانع,و الاسير فيصل عبدالحميد الصانع عضو مجلس الامه منذ عام 1985-1986,,,,,
115,خليفة مساعد حمادة,الموسوعه الحره خليفه مساعد حماده وزير الماليه في المنصب 14 ديسمبر 2020,,,,,
116,خليفة مساعد حمادة,تعديل خليفه مساعد حماده سياسي كويتي,,,,,
117,سعود  التوم,"ونا عندي ان الظيطه والمحايا اشهر منه في عدد المعارك هذا مااردت ايضاحه ولانريد امير شمل لعتيبه اعتيبه كلها امراء وكلها من بعضها ابو يزيد الحافي 09-Oct-2011, 05:05 PM الاخ طلال الروقي موضوعك جميل ولكنه مثير حيث اخطات في كتابتك ان الحفاه اميرهم سعود التوم الحافي وهذ اليس بصحيح بل سعود المذكور موظف بمسما رييس مركز هجره عسيله وهي احدا هجر الحفاه الكثيره واما مشيخه الحفاه فهي عند ال طويق والهم هجر في نجد عقاب 09-Oct-2011, 05:37 PM يااخ عقاب الرباعين وسبعه انعام بهم وبرز فيهم مسلط",,,,,
118,سعود  التوم,"اخطات في كتابتك ان الحفاه اميرهم سعود التوم الحافي وهذ اليس بصحيح بل سعود المذكور موظف بمسما رييس مركز هجره عسيله وهي احدا هجر الحفاه الكثيره واما مشيخه الحفاه فهي عند ال طويق والهم هجر في نجد عقاب 09-Oct-2011, 05:37 PM يااخ عقاب الرباعين وسبعه انعام بهم وبرز فيهم مسلط",,,,,
119,ماجد المطيري,«الاستيناف» تويد حبس النايب السابق ماجد المطيري,,,,,
120,ماجد المطيري,19:24 النايب السابق ماجد المطيري ايدت محكمه الاستيناف الجزاييه اليوم برياسه المستشار د,,,,,
121,ماجد المطيري,عمر المسعود حكم محكمه اول درجه بحبس النايب السابق ماجد المطيري واخرين سنتين مع الشغل والنفاذ,,,,,
122,ماجد المطيري,"الكويت: حبس النايب السابق ماجد المطيري لمده عامين بتهمه ""شراء اصوات"" الكويت انور الروقي انور الروقي صحافي كويتي",,,,,
123,ماجد المطيري,اخر تحديث: 18:51 (توقيت القدس) النايب الكويتي السابق ماجد المطيري,,,,,
124,ماجد المطيري,ايدت محكمه الاستيناف في الكويت حكم حبس النايب السابق ماجد المطيري لمده سنتين مع الشغل والنفاذ,,,,,
125,ماجد المطيري,بحبس النايب السابق ماجد المطيري رفقه اثنين اخرين,,,,,
126,ماجد المطيري,الطعن المقدم من دفاع النايب السابق ماجد المطيري بالغاء حكم الدرجه الاولا,,,,,
127,ماجد المطيري,وياتي حكم ادانه النايب السابق ماجد المطيري والثلاثه الاخرين علا خلفيه قضيه شراء اصوات في الدايره الانتخابيه الخامسه,,,,,
128,عبدالعزيز طارق حمود عبدالعزيز الصقعبي,"ابرز مواقفه في مجلس الامه مجلس الامه 2020 مجلس الامه الكويتي 2020 4 الموضوع الموقف استجواب الوزير حمد جابر العلي (يناير 2022) ضد الاستجواب استجواب الوزير احمد ناصر الصباح (فبراير 2022) مع الاستجواب استجواب الوزير علي حسين الموسا (مارس 2022) غير موجود مراجع عبدالعزيز طارق حمود عبدالعزيز الصقعبي 21 مارس 2021 علا موقع السيره الذاتيه لاعضاء مجلس الامه 2020 2021-03-21 علا موقع عبدالعزيز طارق حمود الصقعبي 2021-02-07 علا موقع ""د",,,,,
129,خلف دميثير عجاج جازع العنزي,26 نوفمبر 2016 معلومات شخصيه اسم الولاده خلف دميثير عجاج العنزي الميلاد 14 اكتوبر 1946 الكويت تاريخ الوفاه 19 ديسمبر 2022 (76 سنه) 1 سبب الوفاه سرطان مواطنه الكويت الكنيه ابو مشعل الديانه مسلم الحياه العمليه المدرسه الام كليه المعلمين (دبلوم) المهنه سياسي الحزب سياسي مستقل اللغات العربيه سنوات النشاط 1981 2016 تعديل مصدري تعديل خلف دميثير عجاج جازع العنزي ( 14 اكتوبر 1946 19 ديسمبر 2022 ),,,,,
130,خلف دميثير عجاج جازع العنزي,وعضو المجلس الوطني السابق عام 1990 3 الايداعات المليونيه اتهم خلف دميثير بشبهه غسيل اموال او بما يسما الايداعات المليونيه,,,,,
131,خلف دميثير عجاج جازع العنزي,النايب خلف دميثير عجاج جازع العنزي النايب خلف دميثير عجاج جازع العنزي المصور : ارشيف,,,,,
132,حسام عبدالله عبدالوهاب حسين الرومي,الرييسيه / الاشخاص / حسام عبدالله عبدالوهاب حسين الرومي حسام عبدالله عبدالوهاب حسين الرومي الطايفه سني العايله الرومي المشاركات في الحكومه الحكومه الوزاره الحكومه 35 وزاره الدوله للشوون البلديه وزير الدوله للشوون البلديه وزاره الاشغال العامه وزير الاشغال المشاركات في الانتخابات ومجالس الامه الانتخابات الدايره الترتيب عدد الاصوات النتيجه مجلس الامه 1992 الدعيه (1992) 4 386 خسر المجلس الوطني 1990 الدعيه (1990) 2 488 فاز,,,,,
133,جاسر خالد الجاسر الراجحي,الكويت تاريخ الوفاه 16 اغسطس 2002 (70 سنه) مكان الدفن مقبره الصليبيخات الجنسيه كويتي الديانه الاسلام الاولاد ثمان ابناء وثلاث بنات الاب خالد الجاسر الراجحي عايله الراجحي الحياه العمليه التعلم دبلوم بيطره المهنه نايب سابق في البرلمان الحزب مستقل تعديل مصدري,,,,,
134,عايض علوش عوض الحميدي المطيري,الموسوعه الحره معلومات شخصيه اسم الولاده عايض علوش عوض المطيري الميلاد 1957 (العمر 69 سنه) الكويت الجنسيه الكويت الديانه مسلم الحياه العمليه المدرسه الام جامعه الازهر المهنه سياسي الحزب التجمع السلفي 1 تعديل مصدري,,,,,
135,خلف هضيبان جهز العتيبي,الموسوعه الحره النايب خلف العتيبي عندما كان رييس نادي خيطان الرياضي معلومات شخصيه اسم الولاده خلف هضيبان جهز العتيبي مكان الميلاد الجنسيه الديانه مسلم الحياه العمليه المهنه سياسي الحزب مستقل,,,,,
136,يوسف خالد المخلد المطيري,الموسوعه الحره يوسف المخلد مناصب معلومات شخصيه اسم الولاده يوسف خالد المخلد المطيري الميلاد 1921 الوفاه 16 نوفمبر 2015 (94 سنه) مقبره الصليبيخات الجنسيه الديانه مسلم الحياه العمليه المهنه سياسي الحزب مستقل قبلي تعديل مصدري تعديل يوسف خالد المخلد المطيري ( 1921 2015 ) نايب سابق في مجلس الامه الكويتي والمجلس التاسيسي الكويتي السيره البرلمانيه خاض انتخابات مجلس الامه الكويتي 1963 في الدايره الرابعه,,,,,
137,مشعان محمد مشعان العتيبي,الموسوعه الحره الدكتور مشعان العتيبي وزير الكهرباء والماء والطاقه المتجدده في المنصب,,,,,
138,مشعان محمد مشعان العتيبي,مشعان العتيبي وزير الاعلام والثقافه ووزير الدوله لشوون الشباب: عبد الرحمن بداح المطيري وزير الصحه: د,,,,,
139,مشعان محمد مشعان العتيبي,الرييسيه / الاشخاص / مشعان محمد مشعان العتيبي مشعان محمد مشعان العتيبي العايله العتيبي القبيله العتبان المشاركات في الحكومه الحكومه الوزاره الحكومه 38 وزاره الكهرباء والماء والطاقه المتجدده وزير الكهرباء والماء والطاقه المتجدده وزاره الشوون الاجتماعيه وزير الشوون,,,,,
140,جنان محسن حسن رمضان بوشهري,11 ديسمبر 2019 الامير صباح الاحمد الجابر الصباح رييس الوزراء جابر مبارك الحمد الصباح ياسر ابل رنا الفارس معلومات شخصيه اسم الولاده جنان محسن حسن رمضان بوشهري الميلاد (العمر 52-53) مدينه الكويت الجنسيه كويتي الحياه العمليه المدرسه الام جامعه الكويت جامعه عين شمس شهاده جامعيه دكتوراه 1 المهنه سياسيه تعديل مصدري تعديل جنان محسن حسن رمضان بوشهري (,,,,,
141,جنان محسن حسن رمضان بوشهري,الرييسيه / الاشخاص / جنان محسن حسن رمضان بوشهري جنان محسن حسن رمضان بوشهري الطايفه شيعي العايله بوشهري المشاركات في الحكومه الحكومه الوزاره الحكومه 35 وزاره الدوله لشوون الاسكان والتطوير العمراني وزيره الاسكان وزاره الدوله لشوون الخدمات وزير دوله لشوون الخدمات وزاره الاشغال العامه وزيره الاشغال المشاركات في الانتخابات ومجالس الامه الانتخابات الدايره الترتيب عدد الاصوات النتيجه مجلس الامه 2024 الدايره الثالثه 2024 9 4976 مجلس الامه 2023 الدايره الثالثه 2023 6 5048 مجلس الامه 2022 الدايره الثالثه,,,,,
142,أمثال هادي هايف الحويلة,برياسه معالي الدكتوره امثال هادي هايف الحويله,,,,,
143,أمثال هادي هايف الحويلة,عن شكره لمعالي الدكتوره امثال هادي هايف الحويله,,,,,
144,مشاري الروضان,الموسوعه الحره عبد الله مشاري الروضان مناصب معلومات شخصيه اسم الولاده عبد الله مشاري عبد الله الروضان الميلاد 1910 الكويت تاريخ الوفاه 30 ديسمبر 1979 (69 سنه) الجنسيه الكويت الديانه مسلم الحياه العمليه المهنه سياسي الحزب مستقل تعديل مصدري,,,,,
145,جمعان محمد ناصر الحريتي,الموسوعه الحره معلومات شخصيه اسم الولاده جمعان محمد ناصر الحريتي الميلاد سنه 1930 تاريخ الوفاه 15 ديسمبر 2001 (71 سنه) الجنسيه الديانه مسلم الحياه العمليه المهنه سياسي الحزب مستقل قبلي تعديل مصدري تعديل جمعان محمد ناصر الحريتي مواليد دوله الكويت ( 1930 15 ديسمبر 2001 ),,,,,
146,جمعان محمد ناصر الحريتي,بالاضافه الي عضويته ب المجلس الوطني الكويتي 1990 السيره البرلمانيه والذاتيه عدل ولد جمعان محمد ناصر الحريتي العازمي في منطقه (الدمنه) حاليا,,,,,
147,جمعان محمد ناصر الحريتي,"كما شارك ايضا بانتخابات المجلس الوطني الكويتي 1990 ونجح فيها عن الدايره الثانيه عشر 1 مراجع عدل ^ ""جمعان محمد ناصر الحريتي""",,,,,
148,جمعان ظاهر ماضي الحربش,الموسوعه الحره معلومات شخصيه اسم الولاده جمعان ظاهر ماضي الحربش الميلاد 1970 (العمر 55-56) الكويت الجنسيه الكويت الديانه الاسلام الاولاد 9 ابناء مناصب الحياه العمليه المدرسه الام جامعه الكويت المهنه سياسي الحزب (حدس) موظف في جامعه الكويت تعديل مصدري,,,,,
149,مسعود سعد هملان الهملان,الموسوعه الحره مسعود الهملان معلومات شخصيه اسم الولاده مسعود سعد هملان الهملان الميلاد 1935 تاريخ الوفاه 1 يناير 1985 (50 سنه) الجنسيه الديانه مسلم الحياه العمليه المهنه سياسي الحزب مستقل قبلي تعديل مصدري تعديل مسعود سعد هملان الهملان ( 1935 1985 ) مواليد دوله الكويت,,,,,
150,بدر زايد حمد الداهوم العازمي,الموسوعه الحره رييس المكتب السياسي لتجمع ثوابت الامه معلومات شخصيه اسم الولاده بدر زايد حمد الداهوم العازمي الميلاد سنه 1975 (العمر 50-51 سنه) الكويت الجنسيه كويتي الديانه مسلم الحياه العمليه المدرسه الام جامعه الكويت,,,,,
151,بدر ضاحي العجيل,الموسوعه الحره نايب سابق في مجلس الامه الكويتي بدر العجيل معلومات شخصيه اسم الولاده بدر ضاحي العجيل العسكر الميلاد 1934 القبله تاريخ الوفاه 24 مارس 2021 (87 سنه) الجنسيه الكويت الديانه مسلم الحياه العمليه المدرسه الام كليه الحقوق المهنه سياسي محامي الحزب مستقل تعديل مصدري تعديل بدر ضاحي العجيل العسكر ( 1934 24 مارس 2021 ),,,,,
152,بدر ضاحي العجيل,00:10 عضو مجلس الامه الاسبق المحامي بدر ضاحي العجيل فقدت الكويت احد رجالات القانون والتعليم والعمل البرلماني النايب العام,,,,,
153,بدر ضاحي العجيل,عبدالرزاق السنهوري الفقيه الدستوري والمستشار القانوني و المستشار/ بدر ضاحي العجيل,,,,,
154,بدر ضاحي العجيل,انتقل الا رحمه الله تعالا المحامي والنايب السابق بدر ضاحي العجيل عصر اليوم الاربعاء عن عمر ناهز 88 عام,,,,,
155,مبارك سالم مبارك ناصر الحريص,الموسوعه الحره معلومات شخصيه اسم الولاده مبارك سالم مبارك ناصر الحريص الميلاد 28 فبراير 1964 (العمر 62 سنه) الجنسيه الحياه العمليه التعلم ليسانس حقوق المدرسه الام جامعه الكويت المهنه سياسي الحزب مرشح قبلي مستقل تعديل مصدري,,,,,
156,عبدالكريم هلال الجحيدلي,عبدالكريم هلال الجحيدلي المطران سني نائب Comments & Questions Michael Herb,,,,,
157,عبدالكريم هلال الجحيدلي,شخصيات: عضو مجلس الامه السابق المرحوم عبدالكريم هلال الجحيدلي,,,,,
158,عبدالكريم هلال الجحيدلي,وفاه عبدالكريم هلال الجحيدلي (عن عمر ناهز 74 عاما) وهو عضو مجلس الامه في فصله التشريعي الثاني عام 1967 والثالث عام 1971 والخامس عام 1981 واختير لعضويه المجلس الوطني عام 1990 وله اسهامات بارزه في الحياه النيابيه والسياسيه,,,,,
159,سلطان المطيري,صوره تجمع الفريق الركن سلطان المطيري بالراحل الامير سلطان بن عبد العزيز وحسب المعلومات المتوافره عن الراحل فانه بدا رحلته في العمل العسكري بعد حصوله علا شهاده الثانويه من المدرسه السعوديه في المربع عام 1368ه,,,,,
160,خالد محمد شديد الطاحوس,الموسوعه الحره خالد شديد الطاحوس معلومات شخصيه اسم الولاده خالد محمد شديد الطاحوس مكان الميلاد الجنسيه الديانه مسلم الحياه العمليه المهنه سياسي الحزب مستقل تعديل مصدري,,,,,
161,خالد مشعان منيخر طاحوس,الولايات المتحده الامريكيه المهنه سياسي مهندس الحزب تعديل مصدري تعديل من مواليد ( 1974 ) عضو مجلس الامه الكويتي 2009 2012 حاصل علا شهاده الهندسه الميكانيكيه من الولايات المتحده الامريكيه 1 نبذه شخصيه خالد مشعان منيخر الطاحوس العجمي عمل مهندس مشاريع في الهييه العامه للصناعه وكان رييس الاتحاد العام لنقابات عمال الكويت ورييس نقابه العاملين في الهييه العامه للصناعه وعضو جمعيه الصحافيين الكويتيه وجمعيه التنميه الديموقراطيه,,,,,
162,سعود بوعركي,قرر ماده اولا يعين اللواء ركن مهندس متقاعد محمد عبد العزيز سعود بوعركي,,,,,
163,سعود بوعركي,كما اعتمد مجلس الوزراء مشروع مرسوم بتعيين عميد ركن متقاعد / محمد عبدالعزيز سعود بوعركي,,,,,
164,علي سالم الجعيلان الدقباسي,الموسوعه الحره معلومات شخصيه اسم الولاده علي سالم جعيلان الدقباسي تاريخ الميلاد 5 ديسمبر 1965 (العمر 60 سنه) مواطنه الكويت مناصب الحياه العمليه المهنه سياسي اعمال بارزه رييس البرلمان العربي سابقا تعديل مصدري,,,,,
165,مصلح هميجان مرشد العازمي,الموسوعه الحره مصلح العازمي مناصب معلومات شخصيه اسم الولاده مصلح هميجان مرشد العازمي تاريخ الميلاد 1940 تاريخ الوفاه 9 اغسطس 2005 (65 سنه) مواطنه الكويت الحياه العمليه المهنه سياسي الحزب قبلي,,,,,
166,موسى حسين عبدالله حسن الصراف,وزير الاشغال العامه ووزير دوله لشوون البلديه السابق في 1 نبذه مختصره المهندس موسا حسين عبد الله حسن الصراف مواليد عام ( ),,,,,
167,موسى حسين عبدالله حسن الصراف,عضويه جمعيه المهندسين الكويتيه وصلات خارجيه موسا حسين عبد الله حسن الصراف انظر ايضا فهد الشعله جنان بوشهري مراجع ^ وزاره الاشغال العامه نسخه محفوظه 2019-09-11 علا موقع واي باك مشين بوابه السياسه بوابه الكويت بوابه اعلام هذه بذره مقاله عن شخصيه سياسيه بحاجه للتوسيع,,,,,
168,سليمان سعدون البدر,الرييسيه / الاشخاص / سليمان سعدون البدر سليمان سعدون البدر الطايفه سني المشاركات في الحكومه الحكومه الوزاره الحكومه 15 وزاره التربيه وزير التربيه,,,,,
169,متعب ناصر السهلي,1 السيره البرلمانيه عدل حصل متعب ناصر محمد الجلال سعود السهلي علا بكالوريوس علوم شرطه من اكاديميه سعد العبد الله للعلوم الامنيه,,,,,
170,سعد الحريتي,A+ Aالدفاع مكتب الملحق العسكري الكويتي يفتتح في بروكسل 05/05/2010 LOC19:24 16:24 GMT سفيره دوله الكويت لدا بلجيكا والاتحاد الاوروبي نبيله الملا وسفيره مجلس التعاون لدول الخليج العربيه في بلجيكا امل الحمد و الملحق العسكري الكويتي في بلجيكا المقدم سعد الحريتي بروكسل,,,,,
171,سعد الحريتي,"اسفرت العمليه الانتخابيه عن انتخاب كل من: "" الدكتور محمد عبدالله محمد شاووش والدكتور/محمد سعد الحريتي الغامدي",,,,,
172,طلال مبارك حمد العيار,نايب رييس مجلس الامه احمد عبدالعزيز السعدون صالح يوسف الفضاله مشاري جاسم العنجري احمد عبدالعزيز السعدون معلومات شخصيه اسم الولاده طلال مبارك حمد العيار الميلاد الجهراء الوفاه 23 اكتوبر 2009 (50 سنه) مستشفا الصباح مكان الدفن مقبره الجهراء مواطنه الحياه العمليه المهنه سياسي الحزب كتله المستقلين تعديل مصدري تعديل طلال مبارك العيار ( 5 مارس 1 23 اكتوبر 2009 2 ),,,,,
173,فهد صالح ناصر محمد الخنة,الموسوعه الحره فهد الخنه نايب سابق في مجلس الامه الكويتي معلومات شخصيه اسم الولاده فهد صالح ناصر محمد الخنه الميلاد 1959 (العمر 67 سنه) الكويت الجنسيه كويتي الديانه الاسلام الحياه العمليه التعلم دكتوراه في التفسير وعلوم القران المدرسه الام جامعه الكويت المهنه سياسي الحزب التجمع السلفي تعديل مصدري,,,,,
174,فهد صالح ناصر محمد الخنة,تعديل فهد صالح ناصر محمد الخنه ( 1959 ) هو سياسي كويتي,,,,,
175,مبارك بنيه خلف حمدان العرف,الموسوعه الحره مبارك العرف معلومات شخصيه اسم الولاده مبارك بنيه خلف حمدان العرف الميلاد 1953 (العمر 73 سنه) الجنسيه الديانه مسلم الحياه العمليه المدرسه الام ليسانس الحقوق المهنه سياسي الحزب مستقل قبلي تعديل مصدري تعديل مبارك بنيه خلف حمدان العرف من مواليد دوله الكويت في عام 1953,,,,,
176,وليد خالد فهد الجري,الموسوعه الحره معلومات شخصيه اسم الولاده وليد خالد فهد الجري الميلاد 1960 (العمر 65-66) الكويت الجنسيه كويتي الديانه مسلم مناصب الحياه العمليه التعلم جامعي المهنه نايب سابق في مجلس الامه,,,,,
177,وليد خالد فهد الجري,وعلا راسهم النايب السابق وليد خالد فهد الجري,,,,,
178,عبدالله عبدالرحمن عبدالله الطويل,الرييسيه / الاشخاص / عبدالله عبدالرحمن عبدالله الطويل عبدالله عبدالرحمن عبدالله الطويل الطايفه سني العايله الطويل المشاركات في الحكومه الحكومه الوزاره الحكومه 24 الثانيه وزاره الصحه وزير الصحه الحكومه 21 وزاره التجاره والصناعه وزير التجاره و الصناعه المشاركات في الانتخابات ومجالس الامه الانتخابات الدايره الترتيب عدد الاصوات النتيجه مجلس الامه 1999 حولي (1999) 9 538 خسر مجلس الامه 1996 حولي (1996) 7 637 خسر,,,,,
179,حمود مبرك براك مبارك العازمي,الموسوعه الحره حمود مبرك العازمي معلومات شخصيه اسم الولاده الميلاد 31 ديسمبر 1956 (العمر 69 سنه) الجنسيه الديانه مسلم الحياه العمليه المدرسه الام بكالوريوس طب بشري المهنه سياسي,,,,,
180,حمود مبرك براك مبارك العازمي,نايب سابق في 1 مسيرته حمود مبرك العازمي حاصل علا بكالوريوس طب بشري وعمل طبيب في وزاره الصحه الكويتيه وهو عضو سابق في نقابه وزاره الصحه,,,,,
181,محمد خلف دهش المهمل,الموسوعه الحره محمد المهمل معلومات شخصيه اسم الولاده محمد خلف دهش المهمل الميلاد 1945 (العمر 81 سنه) الكويت الجنسيه الكويت الديانه مسلم الحياه العمليه المهنه سياسي الحزب قبلي,,,,,
182,مريم العلي,جامعه قطر البلد: قطر بروفيسوره مريم العلي المعاضيد نايب رييس للبحث والدراسات العليا في جامعه قطر اسست و ادارت مركز المواد المتقدمه في جامعه قطر و اسست برنامج الماجستير في علوم و تكنولوجيا المواد,,,,,
183,عيسى عبدالله محمد بهمن,الموسوعه الحره عيسا عبدالله بهمن يصافح شاه ايران محمد رضا بهلوي معلومات شخصيه اسم الولاده عيسا عبد الله محمد بهمن الميلاد 1931 تاريخ الوفاه 20 ابريل 2003 (72 سنه) الجنسيه الديانه مسلم الحياه العمليه المهنه سياسي الحزب مستقل شيعي تعديل مصدري تعديل عيسا عبد الله محمد بهمن مواليد دوله الكويت ( 1931 20 ابريل 2003 ),,,,,
184,محمد طنا طواري صحفان العنزي,مدير عام الاداره العامه لهندسه الاتصالات • عميد محمد طنا طواري صحفان العنزي,,,,,
185,محمد مفرج عاصي مفرج المسيلم,الموسوعه الحره محمد مفرج المسيلم مناصب نايب في مجلس الامه الكويتي 1985,,,,,
186,محمد مفرج عاصي مفرج المسيلم,"1992 معلومات شخصيه اسم الولاده محمد مفرج عاصي مفرج المسيلم الرشيدي الميلاد الوفاه (68-69 سنه) لندن مكان الدفن مقبره الصليبيخات الاقامه الجنسيه الكنيه ابو جاسم اللقب ""شالع الباب"" الديانه مسلم الحياه العمليه المدرسه الام دبلوم اداره اعمال المهنه سياسي",,,,,
187,محمد مفرج عاصي مفرج المسيلم,1 اولوياته المطلقه طوال تاريخه السياسي نادا محمد مفرج المسيلم,,,,,
188,محمد مفرج عاصي مفرج المسيلم,وفاته توفي الامير محمد مفرج عاصي مفرج المسيلم عام 1439 ه الموافق 2 عن عمر يناهز التاسع والستون عام,,,,,
189,سلطان جدعان عواد مذود (اللغيصم) الشمري,الموسوعه الحره سلطان اللغيصم معلومات شخصيه اسم الولاده سلطان جدعان عواد مذود اللغيصم الشمري الميلاد (العمر 58-59) الجنسيه الديانه مسلم منصب رييس لجنه الشوون الداخليه والدفاع في مجلس الامه 2013,,,,,
190,سلطان جدعان عواد مذود (اللغيصم) الشمري,تعديل سلطان جدعان عواد مذود اللغيصم الشمري ( -) نايب سابق في مجلس الامه الكويتي 2013 خاض انتخابات مجلس الامه الكويتي 2020 وحصل علا المركز ال 17 بعدد اصوات 2821 ولم ينجح,,,,,
191,سلطان جدعان عواد مذود (اللغيصم) الشمري,الرييسيه / الاشخاص / سلطان جدعان عواد مذود (اللغيصم) الشمري سلطان جدعان عواد مذود (اللغيصم) الشمري الطايفه سني العايله الشمري القبيله الشمر المشاركات في الانتخابات ومجالس الامه الانتخابات الدايره الترتيب عدد الاصوات النتيجه مجلس الامه 2020 الدايره الرابعه 2020 18 2821 مجلس الامه 2016 الدايره الرابعه 2016 12 2674 مجلس الامه 2013 الدايره الرابعه 2013 1 2901 فاز مجلس الامه (ديسمبر 2012) الدايره الرابعه (ديسمبر 2012) 12 891,,,,,
192,محمد الودعاني,محافظه فضيله قاضي محكمه بقعاء الشيخ الدكتور محمد الودعاني بمناسبه انتقال عمله الا,,,,,
193,بدر سيار عيد عفاس الشمري,الموسوعه الحره معلومات شخصيه اسم الولاده بدر سيار عيد عفاس الشمري الميلاد 20 يناير 1973 (العمر 53 سنه) الجنسيه الكنيه ابو خالد الديانه الاسلام الحياه العمليه المهنه سياسي,,,,,
194,فيصل سعود صالح الدويسان,الموسوعه الحره مناصب معلومات شخصيه اسم الولاده فيصل سعود صالح الدويسان تاريخ الميلاد سنه 1964 (العمر 61-62 سنه) مواطنه الكويت الحياه العمليه المهنه سياسي تعديل مصدري,,,,,
195,شريدة عبدالله سعد المعوشرجي,الموسوعه الحره شريده عبدالله المعوشرجي نايب رييس مجلس الوزراء,,,,,
196,شريدة عبدالله سعد المعوشرجي,11:15 ص مشاركه صدر اليوم الاحد مرسوم اميري بتعيين شريده عبدالله سعد المعوشرجي نايبا لرييس مجلس الوزراء ووزير دوله لشوون مجلس الوزراء,,,,,
197,شريدة عبدالله سعد المعوشرجي,1 (كونا) -- صدر اليوم الاحد مرسوم اميري بتعيين شريده عبدالله سعد المعوشرجي نايبا لرييس مجلس الوزراء ووزير دوله لشوون مجلس الوزراء,,,,,
198,شريدة عبدالله سعد المعوشرجي,السيره الذاتيه لنايب رييس مجلس الوزراء ووزير دوله لشوون مجلس الوزراء شريده عبدالله سعد المعوشرجي الاحد 28 يناير 2024 فيسبوك تويتر واتساب تيلقرام مشاركه عبر البريد طباعه,,,,,
199,مطلق مزيد مطلق المسعود,الموسوعه الحره مطلق المسعود معلومات شخصيه اسم الولاده مطلق مزيد مطلق المسعود الميلاد 1942 الوفاه 5 مايو 1998 (56 سنه) مقبره الصليبيخات الجنسيه الديانه مسلم الحياه العمليه المهنه سياسي الحزب قبلي مستقل تعديل مصدري تعديل مطلق مزيد مطلق المسعود المطيري مواليد دوله الكويت ( 1942 5 مايو 1998 ),,,,,
200,محمد عبدالله خالد عبدالرحمن العبدالجادر,النايب محمد عبدالله خالد عبدالرحمن العبدالجادر النايب محمد عبدالله خالد عبدالرحمن العبدالجادر المصور : ارشيف,,,,,
201,نورة سليمان سالم الفصام,تعديل نوره سليمان سالم الفصام هي وزيره الماليه ووزيره دوله للشوون الاقتصاديه والاستثمار في دوله الكويت منذ 25 اغسطس 2024,,,,,
202,نورة سليمان سالم الفصام,"نت نشر في: 26 اغسطس ,2024: 01:00 م GST اخر تحديث: 26 اغسطس ,2024: 01:15 م GST وضع القراءه 100% حجم الخط شارك اغلاق تم نسخ الرابط اعلنت وكاله الانباء الرسميه الاحد صدور مرسوم يقضي بتعيين نوره سليمان سالم الفصام وزيره للماليه ووزيره دوله للشوون الاقتصاديه والاستثمار",,,,,
203,نورة سليمان سالم الفصام,نوره سليمان سالم الفصام وزيره المالنيه الكويتيه الكويت خليفه عبدالله ضاحي العجيل العسكر انضم الا المحادثه دخول او اكمل ك زاير خروج ✓ شارك تعليقك,,,,,
204,نورة سليمان سالم الفصام,8 (كونا) -- صدر اليوم الاثنين مرسوم اميري بقبول استقاله وزير الماليه ووزير الدوله للشوون الاقتصاديه والاستثمار نوره سليمان سالم الفصام,,,,,
205,نورة سليمان سالم الفصام,صدر مرسوم يقضي بتعيين نوره سليمان سالم الفصام وزيره للماليه ووزيره دوله للشوون الاقتصاديه والاستثمار,,,,,
206,محمد عبدالفتاح,تحيا مصر ينشر السيره الذاتيه ل محمد عبدالفتاح ادم بعد فوزه في انتخابات النواب 2025 النايب محمد عبدالفتاح ادم الثلاثاء 18/نوفمبر/2025,,,,,
207,محمد عبدالفتاح,12:41 م 11/18/2025 12:41:47 PM اخبار البرلمان عبدالعزيز مجدي طباعه ينشر موقع تحيا مصر السيره الذاتيه للنايب محمد عبدالفتاح ادم,,,,,
208,محمد عبدالفتاح,12:41 م 11/18/2025 12:41:47 PM اخبار البرلمان عبدالعزيز مجدي طباعه ينشر موقع تحيا مصر السيره الذاتيه للنايب محمد عبدالفتاح ادم،,,,,,
209,محمد عبدالفتاح,وفاز النايب محمد عبدالفتاح ادم في انتخابات مجلس النواب عن القايمه الوطني عن قطاع شمال ووسط وجنوب الصعيد,,,,,
210,محمد عبدالفتاح,السيره الذاتيه للنايب محمد عبدالفتاح ادم بعد يشغل النايب محمد عبدالفتاح ادم منصب امين عام حزب مستقبل وطن بمحافظه قنا,,,,,
211,عواطف العازمي,محافظه القريات 25/03/2021 4:09 م عواطف العازمي مديرا للقسم النسايي ببلديه,,,,,
212,براك ناصر فلاح النون ابو حقطه,الموسوعه الحره معلومات شخصيه اسم الولاده براك ناصر فلاح النون ابو حقطه الميلاد 1944 (العمر 82 سنه) الجنسيه الديانه مسلم الحياه العمليه المدرسه الام دكتوراه في الاقتصاد المهنه سياسي الحزب مستقل,,,,,
213,حامد محمد كميخ العازمي,الموسوعه الحره حامد محمد العازمي وزير التربيه في المنصب 19 نوفمبر,,,,,
214,حسين مزيد عويس هادي الديحاني,الموسوعه الحره معلومات شخصيه اسم الولاده حسين مزيد عويس هادي الديحاني المطيري الميلاد 1955 (العمر 71 سنه) مواطنه مناصب الحياه العمليه المدرسه الام ليسانس اداب جامعه دمشق المهنه سياسي تعديل مصدري,,,,,
215,حسين مزيد عويس هادي الديحاني,الثالث حسين مزيد عويس هادي الديحاني من مواليد 1955 وحاصل علا ليسانس اداب من جامعه دمشق وحظا بعضويه مجلس الامه عام 1999 و2003 و2006وعضو المجلس البلدي عام 1992 ونايب رييس المجلس البلدي عام 1995,,,,,
216,حسين مزيد عويس هادي الديحاني,اما المرشح الثاني الفايز حسين مزيد عويس هادي الديحاني مواليد 1955 وحاصل علا ليسانس اداب وحظا بعضويه مجلس الامه لعامي 1999 و2003 وعضو المجلس البلدي عام 1992 ونايب رييس المجلس البلدي عام 1995,,,,,
217,مخلد راشد سعد غريب العازمي,الموسوعه الحره معلومات شخصيه اسم الولاده مخلد راشد سعد غريب العازمي تاريخ الميلاد 1961 (العمر 65 سنه) مواطنه الكويت مناصب الحياه العمليه المهنه سياسي تعديل مصدري,,,,,
218,مخلد راشد سعد غريب العازمي,النايب مخلد راشد سعد غريب العازمي النايب مخلد راشد سعد غريب العازمي المصور : ارشيف,,,,,
219,شفيقه العوضي,تعيين شفيقه العوضي مديرا عاما لهييه ذوي الاعاقه سيف باكير 04 اكتوبر 2016 103 اضغط هنا لقراءه ملخص الموضوع (تجريبي) اعلن وزير الدوله لشوون مجلس الوزراء الشيخ محمد العبدالله ان مجلس الوزراء احيط علما اليوم بقبول استقاله الدكتور طارق الشطي مدير عام الهييه العامه لشوون ذوي الاعاقه,,,,,
220,شفيقه العوضي,واعتمد مشروع مرسوم تعيين الدكتوره شفيقه العوضي مديرا عاما للهييه بدرجه وكيل وزاره,,,,,
221,تركي محمد فلاح فالح المجليه العازمي,تخصص ادراه المهنه سياسي صحفي الحزب قبلي مستقل تعديل مصدري تعديل تركي محمد فلاح فالح المجليه العازمي ( 1958 ),,,,,
222,عبدالله الهاجري,وكيل شوون المستهلكين في «الكهرباء» اعلن عن تشكيل فرق لمتابعه فواتير القياديين في الدوله باشراف الوزير الهاجري ل«الراي»: تحصيل 90 مليون دينار في شهرين عبدالله الهاجري 5 سبتمبر 2012 12:00 ص,,,,,
223,عبدالله الهاجري,كشف وكيل وزاره الكهرباء والماء المساعد لشوون المستهلكين عبدالله الهاجري ل«الراي» ان مجموع المبالغ المستحقه علا المستهلكين للكهرباء والماء في الكويت حتا شهر ابريل الماضي بلغ 302 مليون دينار,,,,,
224,سالم مثيب أحمد مثيب الأذينة,تعديل سالم مثيب الاذينه العازمي مواليد 1968 وزير كويتي سابق,,,,,
225,سالم مثيب أحمد مثيب الأذينة,شغل منصب رييس الهييه العامه للاتصالات وتقنيه المعلومات بدرجه وزير من سنه 2014 الا 2022م 2 انظر ايضا بدر الشريعان عبد الله عبد المحسن الشرهان المراجع ^ سالم مثيب احمد مثيب الاذينه نسخه محفوظه 27 سبتمبر 2015 علا موقع واي باك مشين ^ جريده النهار :: الاولا :: الاذينه رييسا لهييه الاتصالات :: :: 28/10/2014 نسخه محفوظه 04 مارس 2016 علا موقع واي باك مشين بوابه اعلام بوابه الكويت مجلوبه من « https://ar,,,,,
226,صالح عبدالوهاب حسين الرومي,الموسوعه الحره صالح الرومي معلومات شخصيه اسم الولاده صالح عبد الوهاب حسين الرومي مكان الميلاد الجنسيه الديانه مسلم الحياه العمليه المهنه سياسي الحزب مستقل تعديل مصدري,,,,,
227,فيصل عبدالرحمن مدلج محمد المدلج,الرييسيه / الاشخاص / فيصل عبدالرحمن مدلج محمد المدلج فيصل عبدالرحمن مدلج محمد المدلج العايله المدلج المشاركات في الحكومه الحكومه الوزاره الحكومه 37 وزاره التجاره والصناعه وزير التجاره والصناعه وزاره الدوله للشوون الاقتصاديه وزير دوله للشوون الاقتصاديه المشاركات في الانتخابات ومجالس الامه الانتخابات الدايره الترتيب عدد الاصوات النتيجه مجلس الامه 2003 الخالديه (2003) 7 481 خسر,,,,,
228,فيصل عبدالرحمن مدلج محمد المدلج,وزير الدوله لشوون مجلس الوزراء فيصل عبدالرحمن مدلج محمد المدلج,,,,,
229,عباس حسين شعبان الخضاري,الموسوعه الحره معلومات شخصيه اسم الولاده عباس حسين شعبان الخضاري الميلاد 1936 (العمر 90 سنه) الجنسيه الديانه مسلم الحياه العمليه المدرسه الام دبلوم في العلوم الاداري المهنه سياسي الحزب شيعي,,,,,
230,نوره العجمي,محافظ لمركز تنميه الايرادات غير النفطيه سعاده الدكتور سطام السبيعي الرييس التنفيذي للمركز الوطني للذكاء الاصطناعي في الهييه السعوديه للبيانات والذكاء الاصطناعي (سدايا) سعاده الاستاذه نوره العجمي وكيل وزاره التجاره المساعد للاعمال الرقابيه سعاده الاستاذ ابراهيم العليان مدير عام الرقابه والتفتيش في وزاره السياحه سعاده المهندس علي بن هادي راجحي الرييس التنفيذي للمركز الوطني للتفتيش والرقابه تاريخ اخر تعديل: 25/12/2025,,,,,
231,محمد براك عبدالمحسن محمد المطير,عضو مجلس الامه 19 يوليو 2003 7 اكتوبر 2012 جابر الاحمد الجابر الصباح سعد العبد الله السالم الصباح صباح الاحمد الجابر الصباح جاسم محمد الخرافي معلومات شخصيه اسم الولاده محمد براك عبدالمحسن محمد المطير تاريخ الميلاد 5 مايو 1969 (العمر 56 سنه) الجنسيه الكويت الكنيه ابو براك الديانه الاسلام الحياه العمليه المهنه سياسي,,,,,
232,محمد براك عبدالمحسن محمد المطير,تعديل محمد براك المطير (مواليد 5 مايو 1969 ) سياسي كويتي,,,,,
233,محمد براك عبدالمحسن محمد المطير,وزير انس الصالح (سبتمبر 2020) تصويت فتح باب ما يستجد من اعمال (تعديل النظام الانتخابي) مجلس الامه 2020 اشترك محمد المطير مع بتقديم استجواب الا رييس مجلس الوزراء صباح الخالد الحمد الصباح من محور واحد فقط وهو الانتقاييه في تطبيق القانون,,,,,
234,محمد براك عبدالمحسن محمد المطير,"30/09/2022"" في 2022-12-02 ""كونا : مجلس الامه ينتخب محمد براك المطير نايبا لرييس المجلس للفصل التشريعي ال17",,,,,
235,محمد براك عبدالمحسن محمد المطير,"07/06/2023"" في 2023-09-23 ""كونا : مجلس الامه ينتخب محمد براك المطير نايبا لرييس المجلس للفصل التشريعي ال17",,,,,
236,محمد براك عبدالمحسن محمد المطير,"10/05/2024"" في 2024-05-11 2024-05-10 محمد براك عبد المحسن محمد المطير 2020-1-22 علا موقع محمد براك المطير 31 يوليو 2019 علا موقع انشطه نواب الدايره الثالثه وتصويتهم علا اهم القضايا",,,,,
237,حمد خليفة الحميدة,الموسوعه الحره حمد خليفه الحميده مناصب معلومات شخصيه اسم الولاده حمد خليفه الحميده العازمي الميلاد 1916 تاريخ الوفاه 20 فبراير 1981 (65 سنه) الجنسيه الديانه مسلم الحياه العمليه المهنه سياسي الحزب مستقل قبلي تعديل مصدري تعديل حمد خليفه الحميده العازمي,,,,,
238,فيصل جاسم عبدالله القضيبي,( مارس 2020 ) فيصل القضيبي معلومات شخصيه اسم الولاده فيصل جاسم عبدالله القضيبي مكان الميلاد الجنسيه الديانه مسلم الحياه العمليه المهنه سياسي الحزب مستقل تعديل مصدري,,,,,
239,احمد ايمن احمد عثمان,واكد العميد ايمن احمد عثمان لسودان تربيون ان ولايات: الخرطوم والنيل الابيض والجزيره الان خاليه من مليشيات الدعم السريع بعد ان استعاد الجيش السيطره علا جبل الاولياء,,,,,
240,جاسم إسماعيل جمعة,الموسوعه الحره جاسم اسماعيل جمعه مناصب نايب في مجلس الامه الكويتي 1971,,,,,
241,جاسم إسماعيل جمعة,1975 الانتخابات انتخابات مجلس الامه الكويتي 1971 معلومات شخصيه اسم الولاده جاسم اسماعيل جمعه الياسين الميلاد 1 يناير 1938 مدينه الكويت الوفاه 11 فبراير 2023 (85 سنه) 1 مدينه الكويت مواطنه الكويت الديانه مسلم الحياه العمليه المدرسه الام جامعي المهنه سياسي,,,,,
242,راشد سيف راشد الحجيلان,الموسوعه الحره راشد سيف الحجيلان مناصب معلومات شخصيه الميلاد 1936 مواطنه الحياه العمليه المهنه سياسي تعديل مصدري,,,,,
243,عبدالعزيز  بودستور,منها اربع من وزاره الاعلام وهم مدير المصنفات الفنيه عبدالعزيز بودستور,,,,,
244,عسكر عويد عسكر بقان العنزي,الموسوعه الحره مناصب معلومات شخصيه اسم الولاده عسكر عويد عسكر بقان العنزي تاريخ الميلاد 1971 (العمر 54-55) مواطنه الكويت الحياه العمليه المهنه سياسي تعديل مصدري,,,,,
245,عسكر عويد عسكر بقان العنزي,المرشح والنايب السابق عسكر عويد عسكر بقان العنزي المرشح والنايب السابق عسكر عويد عسكر بقان العنزي المصور : غازي قفاف,,,,,
246,فارس سعد عيد عبدالله العتيبي,الموسوعه الحره معلومات شخصيه اسم الولاده فارس سعد عيد عبد الله العتيبي الميلاد 14 اكتوبر 1974 (العمر 51 سنه) الجنسيه الديانه مسلم الحياه العمليه المهنه سياسي الحزب مستقل تعديل مصدري,,,,,
247,عبدالرزاق مشاري العدواني,العايله عبدالرزاق مشاري العدواني وزير العدواني عبدالله مرزوق ناهي مفرج العدواني نايب العدواني Comments & Questions Michael Herb,,,,,
248,أحمد فهد سليمان الطخيم,( مارس 2020 ) احمد الطخيم معلومات شخصيه اسم الولاده احمد فهد سليمان الطخيم مكان الميلاد الجنسيه الديانه مسلم الحياه العمليه المهنه سياسي الحزب مستقل تعديل مصدري,,,,,
249,سلطان سلمان سلطان العجمي,الموسوعه الحره معلومات شخصيه اسم الولاده سلطان سلمان سلطان العجمي الميلاد 1940 (العمر 86 سنه) الجنسيه الديانه مسلم الحياه العمليه المهنه سياسي الحزب مستقل,,,,,
250,مزعل محمد هادي محمد النمران,يذكر ان المرشح الاول الفايز مزعل محمد هادي محمد النمران من مواليد عام 1961حاصل علا بكالوريوس علوم شرطيه وتقلد عدد من رياسه الاقسام في وزاره الداخليه منها رييس قسم الفحص الفني لمحافظه حولي ورييس اختبار مدرسه العاصمه رييس قسم الرخص في محافظه حولي ورييس الفحص الفني لمحافظه الفروانيه,,,,,
251,مزعل محمد هادي محمد النمران,سعود قناص سعود محمد النمران فلاح سعود النمران سني محمد مجبل صالح النمران هادا عدس صالح النمران محمد سعود محمد النمران مزعل محمد هادي محمد النمران سني نايب Comments & Questions Michael Herb,,,,,
252,محمد مروي ملفي مبارك الهدية,الموسوعه الحره معلومات شخصيه اسم الولاده محمد مروي ملفي مبارك الهديه الميلاد (العمر 61-62) الجنسيه الحياه العمليه التعلم بكالوريوس هندسه مدنيه المدرسه الام جامعه الكويت المهنه سياسي الحزب قبلي مستقل تعديل مصدري,,,,,
253,محمد مروي ملفي مبارك الهدية,"وزير انس الصالح (سبتمبر 2020) مراجع ""مجلس الامه دوله الكويت"" في 2018-10-25 2020-02-21 ""انتخابات مجلس الامه 2022"" جريده الانباء الكويتيه في 2022-08-26 2022-10-02 ""محمد مروي الهديه"" في 2016-11-27 2020-02-21 ""مجلس الامه",,,,,
254,سعود نشمى عواد معلج الحريجي,الموسوعه الحره معلومات شخصيه اسم الولاده سعود نشمي عواد معلج الحريجي الميلاد (العمر 63-64) الجنسيه الديانه مسلم الحياه العمليه المدرسه الام جامعي المهنه سياسي الحزب قبلي,,,,,
255,حمد جابر العلي الصباح,"ISBN 036769476X a b ""KUNA : السيره الذاتيه لنايب رييس مجلس الوزراء وزير الدفاع الشيخ حمد جابر العلي الصباح",,,,,
256,مبارك براك سالم حطاب الهيفي,الموسوعه الحره مبارك الهيفي معلومات شخصيه اسم الولاده مبارك براك سالم حطاب الهيفي الميلاد 1958 (العمر 68 سنه) الجنسيه الديانه مسلم الحياه العمليه المهنه سياسي الحزب مستقل,,,,,
257,مبارك براك سالم حطاب الهيفي,"الاسلاميون المستقلون طرح الثقه بالوزير ضيف الله شرار ( 2003 معارض طرح الثقه طرح الثقه بالوزير الابراهيم ( 2002 ممتنع تجنيس البدون ( 2000 موافق طرح الثقه بالصبيح ( 2000 مويد طرح الثقه حقوق المراه السياسه ( 1999 غير موافق مراجع عدل ^ ""مبارك براك سالم حطاب الهيفي""",,,,,
258,عبدالعزيز الفودري,والقا امر قاعده احمد الجابر الجويه العقيد الركن طيار عبدالعزيز الفودري كلمه اشاد خلالها بالدعم اللامحدود الذي يقدمه النايب الاول لرييس مجلس الوزراء ووزير الدفاع الشيخ جابر المبارك الحمد الصباح ورييس الاركان العامه واعطا نبذه عن المناهج والدروس والتدريبات العمليه التي تلقاها منتسبي هذه الدوره خلال فتره دراستهم والتي شملت دروس عسكريه نظريه وعمليه,,,,,
259,بخيت شبيب بخيت الرشيدي,الرييسيه / الاشخاص / بخيت شبيب بخيت الرشيدي بخيت شبيب بخيت الرشيدي العايله الرشيدي القبيله الرشايده المشاركات في الحكومه الحكومه الوزاره الحكومه 35 وزاره الكهرباء والماء والطاقه المتجدده وزير الكهرباء و الماء وزاره النفط وزير النفط,,,,,
260,بخيت شبيب بخيت الرشيدي,"بخيت شبيب بخيت الرشيدي وزير النفط ووزير الكهرباء والماء اثناء ادايه اليمين الدستوريه امام سمو امير البلاد بخيت شبيب بخيت الرشيدي وزير النفط ووزير الكهرباء والماء اثناء ادايه اليمين الدستوريه امام سمو امير البلاد المصور : الديوان الاميري 12 ديسمبر, 2017 اغلاق",,,,,
261,بخيت شبيب بخيت الرشيدي,ترددت انباء عن قبول استقاله وزير النفط ووزير الكهرباء والماء المهندس بخيت شبيب بخيت الرشيدي,,,,,
262,عبدالله فالح رجعان راعي الفحماء,النايب عبدالله فالح رجعان راعي الفحماء النايب عبدالله فالح رجعان راعي الفحماء المصور : ارشيف,,,,,
263,صياح شليع صياح ابو شيبة,الموسوعه الحره معلومات شخصيه اسم الولاده صياح شايع صياح ابو شيبه الميلاد 1950 (العمر 76 سنه) الجنسيه الديانه مسلم الحياه العمليه المهنه سياسي الحزب قبلي مستقل تعديل مصدري تعديل صياح شايع صياح ابو شيبه المطيري من مواليد دوله الكويت في عام 1950,,,,,
264,سعد زنيفر سعد علي العازمي,6 ديسمبر 2011 الانتخابات انتخابات مجلس الامه الكويتي 2009 معلومات شخصيه اسم الولاده سعد زنيفر سعد علي العازمي تاريخ الميلاد سنه 1950 الوفاه 6 ابريل 2023 (72-73 سنه) 1 لندن مواطنه الكويت الكنيه ابو راشد الديانه الاسلام الحياه العمليه المهنه سياسي اللغات العربيه الخدمه العسكريه الفرع المعارك والحروب حرب اكتوبر تعديل مصدري,,,,,
265,منال عبود,"27 ابريل 2017 03:00 ص المرشحه منال عبود لعموديه قريه صنصفط فيسبوك واتساب المنوفيه _ محمد فتحي علا غرار ما فعلته ناهد عبد الحميد مصطفا اسماعيل لاشين"" وشهرتها "" ناهد لاشين"" 39 عاما",,,,,
266,منال عبود,"والتا تقدمت باوراق ترشيحها منذ 3 سنوات تقدمت امراه اخرا من محافظه المنوفيه وها منال مبروك عبود غانم وشهرتها"" منال عبود ""والبالغه من العمر 40 عاما باوراق ترشحها علا منصب العموديه لقريه صنصفط التابعه لمركز منوف بمحافظه المنوفيه لكا تكون اول سيده تترشح لمنصب العموديه علا مستوا محافظه المنوفيه منذ اعلان الترشيح للمنصب علا مدار التاريخ",,,,,
267,عبدالرحمن سالم العتيقي,"1976ويعمل به اعتبارا من اول يوليو سنه نايب امير الكويت جابر الاحمد الجابر الصباح نايب رييس مجلس الوزراء جابر العلي السالم الصباح وزير الماليه عبد الرحمن سالم العتيقي ه 1396 ذو الحجه7صدر بقصر السيف في م1976 نوفمبر28الموافق IN THE NAME OF GOD, THE COMPASSIONATE, THE MERCIFUL Law Decree No",,,,,
268,منيزل جاسر فجري العنزي,الموسوعه الحره معلومات شخصيه اسم الولاده منيزل جاسر فجري العنزي الميلاد 1939 تاريخ الوفاه 16 ابريل 2025 (86 سنه) الجنسيه الديانه مسلم الحياه العمليه المدرسه الام ليسانس في الحقوق المهنه سياسي الحزب قبلي,,,,,
269,ناصر  المطيري,10:18 المطيري مشاركا في الجلسه العامه للمنتدا الرياضي اعتبر الامين العام لحوار التعاون الاسيوي السفير ناصر المطيري امس,,,,,
270,راشد سالم العميري,عضو المجلس الاعلا للبترول 1987 رييس قسم الهندسه الكيمياييه في جامعه الكويت 1983 1985 وزير النفط في دوله الكويت عام 1992 مراجع ^ راشد سالم العميري نسخه محفوظه 2020-02-08 علا موقع واي باك مشين ^ نسخه محفوظه 2019-02-11 علا موقع واي باك مشين بوابه السياسه بوابه الكويت بوابه اعلام هذه بذره مقاله عن موضوع له علاقه بسياسي او سياسيه من الكويت بحاجه للتوسيع,,,,,
271,راشد سالم العميري,احمد سعد حجا العميري مشاري حمود راشد الشويرد العميري داود سلمان العميري غانم مبارك العميري نايب فلاح سعيد سالم العميري راشد سالم العميري وزير حامد سعود محمد شويرد العميري عايشه غانم مبارك العميري نبيله سلمان انقيان سالم العميري عبداللطيف عبدالوهاب عبدالرحمن مبارك العميري سني نايب محمد حسين علي العميري حامد عبدالرحمن علي خليفه العميري سعود عبدالعزيز محمد سعد سالم العميري عيسا محمد عبدالرزاق محمد العميري Comments & Questions Michael Herb,,,,,
272,جاسم الاستاذ,(النهايه) م س ع / ط ا ب وزير الكهرباء والماء والطاقه المتجدده ووزير الاشغال العامه بالتكليف الدكتور جاسم الاستاذ مع عدد من قيادي وزاره الاشغال العامه الوزير خلال الجوله مع مهندسي المشروع مستشفا الولاده الجديد موجز الاخبار الكويت,,,,,
273,سعاد الفضلي,سعاد الفضلي عميد كليه العلوم الطبيه المساعده عبر قناه المجلس 22 يناير 2019 مشاركه,,,,,
274,محمد  الحمد,الموسوعه الحره محمد الحمد محمد الحمد في اخر ايامه اثناء عمله ضابطا بالشرطه الكويتيه سادس رييس لنادي القادسيه الكويتي في المنصب 1966,,,,,
275,محمد  الحمد,1976| محمد الحمد وكيل وزاره الكهرباء ل«القبس»: 3 اختيارات امام اصحاب العمارات لتوصيل المياه الا الشقق السكنيه,,,,,
276,محمد عوض عبيد محمد سالم الرقيب المطيري,الموسوعه الحره معلومات شخصيه اسم الولاده محمد عوض عبيد محمد سالم الرقيب المطيري تاريخ الميلاد (العمر 44-45) الجنسيه الكويت الديانه الاسلام الحياه العمليه المهنه سياسي تعديل مصدري,,,,,
277,محمد عوض عبيد محمد سالم الرقيب المطيري,تعديل محمد عوض عبيد محمد سالم الرقيب المطيري ( -) سياسي كويتي,,,,,
278,عبدالله علي,الموسوعه الحره معالي الشيخ عبدالله علي العبدالله السالم الصباح,,,,,
279,عبدالله علي,تعديل الشيخ عبدالله علي العبدالله السالم الصباح,,,,,
280,عبدالله علي,A+ Aعام السيره الذاتيه لوزير الدفاع الشيخ عبدالله علي عبدالله السالم الصباح 04/02/2025 LOC12:52 09:52 GMT الكويت,,,,,
281,عبدالله علي,2 (كونا) -- صدر مرسوم اميري بتعديل وزاري نص في مادته الثانيه علا تعيين الشيخ عبدالله علي عبدالله السالم الصباح وزيرا للدفاع وفيما يلي سيرته الذاتيه: حاز الشيخ عبدالله علي عبدالله السالم الصباح درجه البكالوريوس تخصص اداره الاعمال من جامعه البحرين,,,,,
282,عبدالله علي,كما نصت الماده الثانيه علا تعيين عبدالله علي عبدالله السالم الصباح وزيرا للدفاع,,,,,
283,طلال المطيري,خلال كلمته بافتتاح الدوره ال 28 للجنه الميثاق العربي طلال المطيري: جهود الكويت في حمايه حقوق الانسان تعكس التزامها بالنظام العربي 4 ديسمبر 2025 المصدر : الانباء A+ Aاضغط هنا لقراءه ملخص الموضوع X نجاح في عمليه تلخيص الموضوع حدث خطا,,,,,
284,طلال المطيري,الرجاء اعاده المحاوله لا يوجد نتايج في عمليه تلخيص الموضوع رييس اللجنه العربيه الدايمه لحقوق الانسان السفير طلال المطيري القاهره,,,,,
285,طلال المطيري,هناء السيد اشاد رييس اللجنه العربيه الدايمه لحقوق الانسان السفير طلال المطيري امس الاربعاء بجهود الكويت في تعزيز وحمايه حقوق الانسان,,,,,
286,طلال المطيري,Pocket اكد مندوب دوله الكويت الدايم لدا جامعه الدول العربيه السفير طلال المطيري ان انضمام دوله الكويت الا الجامعه العربيه في 20 من يوليو عام 1961 مثل لحظه تاريخيه عززت الاعتراف باستقلال البلاد وسيادتها ورسخت هويتها العربيه,,,,,
287,طلال المطيري,وفي تصريح عبر الهاتف ادلا به مندوب دوله الكويت الدايم لدا جامعه الدول العربيه السفير طلال المطيري لوكاله الانباء الكويتيه لدا مشاركته في عدد من الفعاليات التي اقيمت في ليبيا ضمن ايام طرابلس الاعلاميه ومنها منتدا الحوار الاعلامي العربي الدولي 2025 الذي انطلقت اعماله امس الخميس وافتتاح المتحف الوطني الليبي,,,,,
288,طلال المطيري,الهندي ضروره تفرضها التحديات العالميه 31/01/2026 LOC18:32 15:32 GMT مندوب الكويت الدايم لدا جامعه الدول العربيه السفير طلال المطيري يلقي كلمته خلال اعمال الدوره الثانيه للاجتماع الوزاري لمنتدا التعاون العربي,,,,,
289,طلال المطيري,جاء ذلك في كلمه دوله الكويت التي القاها مندوبها الدايم لدا جامعه الدول العربيه السفير طلال المطيري خلال اعمال الدوره الثانيه للاجتماع الوزاري لمنتدا التعاون العربي,,,,,
290,طلال المطيري,19:37 السفير طلال المطيري اعلن مندوب دوله الكويت الدايم لدا الجامعه العربيه السفير طلال المطيري اليوم فوز مرشح الكويت بعضويه لجنه الميثاق العربي لحقوق الانسان التابعه للجامعه لفتره تمتد اربع سنوات,,,,,
291,ناصر عبدالعزيز حسن صرخوه,الرييسيه / الدواير الانتخابيه / الرميثيه (1981) الرميثيه (1981) عام المجلس الاسم عدد الاصوات النتيجه الطايفه العايله القبيله ناصر عبدالعزيز حسن صرخوه 1 795,,,,,
292,غدير محمد محمود غلوم رضا أسيري,الموسوعه الحره غدير اسيري معلومات شخصيه اسم الولاده غدير محمد محمود اسيري الميلاد 17 نوفمبر 1977 (العمر 48 سنه) الكويت الجنسيه الكويت الديانه مسلم الاولاد جبريل معرفي الحياه العمليه التعلم دكتوراه في مجال السياسه الاجتماعيه المدرسه الام المهنه وزير الشوون الاجتماعيه والعمل سابقا الحزب ليبراليه مستقله تعديل مصدري,,,,,
293,غدير محمد محمود غلوم رضا أسيري,الرييسيه / الاشخاص / غدير محمد محمود غلوم رضا اسيري غدير محمد محمود غلوم رضا اسيري الطايفه شيعي العايله اسيري المشاركات في الحكومه الحكومه الوزاره الحكومه 36 وزاره الشوون الاجتماعيه وزيره الشوون الاجتماعيه المشاركات في الانتخابات ومجالس الامه الانتخابات الدايره الترتيب عدد الاصوات النتيجه مجلس الامه 2022 الدايره الاولا,,,,,
294,غدير محمد محمود غلوم رضا أسيري,ليبراليه تحمل حقيبه الشوون الاجتماعيه بالحكومه الكويتيه الجديده غدير محمد اسيري,,,,,
295,غدير محمد محمود غلوم رضا أسيري,مباشر: عينت الكويت غدير محمد محمود غلوم رضا اسيري,,,,,
296,راشد سلمان محمد الهبيدة,الموسوعه الحره معلومات شخصيه اسم الولاده راشد سلمان محمد الهبيده العازمي الميلاد 1948 (العمر 78 سنه) الجنسيه الديانه مسلم الحياه العمليه المهنه سياسي الحزب قبلي مستقل تعديل مصدري تعديل راشد سلمان محمد الهبيده العازمي من مواليد 1948م عضو مجلس امه سابق ترشح 10 مرات 1 حاز علي 4 مرات منها في اعوام المجلس الوطني سنه 1990م 2,,,,,
297,نورية صبيح براك الصبيح,وزير التربيه ووزير التعليم العالي نوريه صبيح براك الصبيح حاصله علا شهاده الليسانس بالاداب والتربيه عام 1975,,,,,
298,عبدالعزيز عبدالوهاب العدساني,1981م عبدالعزيز عبدالوهاب العدساني نايب 1992م و 1996 م عبدالعزيز يوسف العدساني رييس المجلس البلدي و امين عام منظمه المدن العربيه و رييس ديوان المحاسبه رييس نادي كاظمه سليمان العدساني السفير عبدالوهاب يوسف العدساني احمد محمد العدساني وزير الكهرباء والماء منذ عام 1991-1996 ووزير الاشغال العامه منذ عام 1992-1996 ورييس المجلس البلدي الشاعر عبدالرزاق محمد العدساني,,,,,
299,صبيح عبدالعزيز عبدالمحسن المخيزيم,12:33 م مشاركه صدر اليوم الاثنين مرسوم اميري بتعيين وزير الكهرباء والماء والطاقه المتجدده الدكتور صبيح عبدالعزيز عبدالمحسن المخيزيم اضافه الا عمله وزيرا للماليه ووزير دوله للشوون الاقتصاديه والاستثمار بالوكاله,,,,,
300,صبيح عبدالعزيز عبدالمحسن المخيزيم,3 (كونا) -- صدر مرسوم اميري بتعيين الدكتور صبيح عبدالعزيز عبدالمحسن المخيزيم وزيرا للكهرباء والماء والطاقه المتجدده,,,,,
301,صبيح عبدالعزيز عبدالمحسن المخيزيم,محليات Suleiman الاثنين 24 مارس 2025 صبيح عبدالعزيز عبدالمحسن المخيزيم وزيرا للكهرباء والماء والطاقه المتجدده صدر مرسوم اميري بتعيين صبيح عبدالعزيز عبدالمحسن المخيزيم وزيرا للكهرباء والماء والطاقه المتجدده,,,,,
302,صبيح عبدالعزيز عبدالمحسن المخيزيم,صبيح عبدالعزيز عبدالمحسن المخيزيم وزيرا للكهرباء والماء والطاقه المتجدده,,,,,
303,صبيح عبدالعزيز عبدالمحسن المخيزيم,وكان صدر مرسوم اميري بتعيين صبيح عبدالعزيز عبدالمحسن المخيزيم وزيرا للكهرباء والماء والطاقه المتجدده فيما يلي نصه: بعد الاطلاع علا الدستور,,,,,
304,صبيح عبدالعزيز عبدالمحسن المخيزيم,"وزير الكهرباء والماء والطاقه المتجدده الدكتور صبيح عبدالعزيز عبدالمحسن المخيزيم الكويت مميز نشر : الاثنين 24-3-2025م الاثنين 24-3-2025م س س صدر مرسوم اميري بتعيين صبيح عبدالعزيز عبدالمحسن المخيزيم وزيرا للكهرباء والماء والطاقه المتجدده فيما يلي نصه: ""مرسوم رقم 53 لسنه 2025 بتعيين وزير الكهرباء والماء والطاقه المتجدده بعد الاطلاع علا الدستور",,,,,
305,حسين قويعان محمد الشريف المطيري,الموسوعه الحره حسين قويعان المطيري معلومات شخصيه اسم الولاده حسين قويعان محمد الشريف المطيري الميلاد 10 اغسطس 1968 (العمر 57 سنه) الكويت الجنسيه كويتي الديانه مسلم مناصب الحياه العمليه المدرسه الام جامعه الكويت المهنه سياسي,,,,,
306,حسين قويعان محمد الشريف المطيري,النايب حسين قويعان محمد الشريف المطيري النايب حسين قويعان محمد الشريف المطيري المصور : ارشيف,,,,,
307,سعود ارشيد القفيدي كعمي الرشيدي,الموسوعه الحره سعود ارشيد الرشيدي معلومات شخصيه اسم الولاده سعود ارشيد القفيدي كعمي الرشيدي الميلاد 1953 (العمر 73 سنه) الجنسيه الديانه مسلم الحياه العمليه المدرسه الام شهاده الثانويه العامه المهنه سياسي الحزب قبلي,,,,,
308,ضاري عبدالله العثمان,الموسوعه الحره ضاري العثمان وزير العدل والشوون القانونيه في المنصب الامير جابر الاحمد الصباح رييس الوزراء سعد العبد الله السالم الصباح سلمان الدعيج الصباح غازي عبيد السمار نايب ثاني لرييس مجلس الوزرارء ووزير الدوله لشوون مجلس الوزراء في المنصب 1993 رييس الوزراء سعد العبد الله السالم الصباح عبدالرحمن العوضي عبدالعزيز الدخيل معلومات شخصيه اسم الولاده ضاري عبدالله العثمان الراشد الميلاد (العمر 81 سنه) مدينه الكويت الجنسيه الحياه العمليه المدرسه الام ليسانس حقوق,,,,,
309,ضاري عبدالله العثمان,والذي جاء في نصه: ينقل المستشار ضاري عبدالله العثمان المستشار بديوان سمو ولي العهد الا الديوان الاميري,,,,,
310,مبارك عبدالله علي صنيدح العجمي,الموسوعه الحره مبارك عبد الله صنيدح معلومات شخصيه اسم الولاده مبارك عبدالله علي صنيدح العجمي الميلاد 1955 (العمر 71 سنه) الجنسيه الديانه مسلم الحياه العمليه المدرسه الام جامعه الكويت المهنه سياسي,,,,,
311,مبارك عبدالله علي صنيدح العجمي,"رييس عام لجان الانتخابات العامه لقبيله العجمان من سنه 1982 ولغايه 1996 مواقفه في مجلس الامه مجلس الامه الكويتي 1999 1 الموضوع الموقف الكتل اللجان طرح الثقه بضيف الله شرار ( 2003 ضد طرح الثقه طرح الثقه بالوزير الابراهيم ( 2002 مع طرح الثقه تجنيس البدون ( 2000 موافق طلب طرح الثقه بالوزير محمد الجارالله ( 2005 ضد طرح الثقه طرح الثقه بالوزير انور النوري ( 2004 معارض لطرح الثقه مراجع ^ ""مبارك عبدالله علي صنيدح العجمي""",,,,,
312,ضيف الله فضيل ضيف الله ابو رميه,النايب ضيف الله فضيل ضيف الله ابو رميه النايب ضيف الله فضيل ضيف الله ابو رميه المصور : ارشيف,,,,,
313,مي جاسم محمد البغلي,4 يناير 2024 الامير نواف الاحمد الجابر الصباح رييس الوزراء احمد النواف الاحمد الصباح معلومات شخصيه اسم الولاده مي جاسم محمد البغلي مكان الميلاد مواطنه الديانه الاسلام الاب جاسم محمد البغلي الحياه العمليه المهنه سياسيه اللغه الام اللغه العربيه تعديل مصدري,,,,,
314,مي جاسم محمد البغلي,الرييسيه / الاشخاص / مي جاسم محمد البغلي مي جاسم محمد البغلي المشاركات في الحكومه الحكومه الوزاره الحكومه 42 وزاره الشوون الاجتماعيه وزيره الشوون الاجتماعيه الحكومه 41 وزاره الشوون الاجتماعيه وزيره الشوون الاجتماعيه,,,,,
315,مي جاسم محمد البغلي,المنصب فراس سعود المالك الصباح الحكومه 43: 2023 يونيو شوون الاسره والطفوله مي جاسم محمد البغلي الحكومه 42: 2023 ابريل الحكومه 41: 2022 اكتوبر من 16-10-2022 الا نهايه الحكومه شوون المراه و الطفوله وزير دوله لشوون المراه و الطفوله هدا عبدالمحسن الشايجي الحكومه 41: 2022 اكتوبر من تشكيل الحكومه الا 16-10-2022 وزير دوله لشوون المراه و الطفوله Comments & Questions Michael Herb,,,,,
316,مشعان مجبل عواد بطي العازمي,نايب سابق في مجلس الامه الكويتي نبذه شخصيه ترشح العضو السابق مشعان مجبل عواد بطي العازمي في عام 1999 في الدايره الانتخابيه الخامسه والعشرين (ام الهيمان) في انتخابات مجلس الامه وحقق المركز الاول بعدد 463 صوت وفاز,,,,,
317,محمد سالم اجويهل محمد الجويهل,الموسوعه الحره محمد الجويهل نايب سابق في مجلس الامه الكويتي معلومات شخصيه اسم الولاده محمد سالم جويهل محمد الجويهل تاريخ الميلاد 21 يونيو 1969 (العمر 56 سنه) الجنسيه الكويت الحياه العمليه التعلم المعهد العالي للموسيقا المهنه ناشط سياسي تعديل مصدري,,,,,
318,محمد علي,طالع محمد علي (توضيح) والي مصر طاشوز بالتركيه العثمانيه محمد علی پاشا رسم لمحمد علي باشا من سنه,,,,,
319,محمد علي,اياله الروملي الوفاه 2 اغسطس 1849 (80 سنه) قصر راس التين اياله مصر مكان الدفن مسجد محمد علي مواطنه العرق الباني الديانه الاسلام الزوجه امينه هانم عين الحياه خانم الاولاد اسماعيل كامل باشا الاب ابراهيم اغا الام زينب اقرباء الخديوي اسماعيل (حفيد) (حفيد) عايله سلاله الحياه العمليه المهنه قايد عسكري وسياسي ورجل دوله,,,,,
320,محمد علي,ووالي مصر [لغات اخرا] اللغه الام العثمانيه اللغات والعثمانيه والكرديه مجال العمل السياسه وشوون عسكريه الجوايز وسام الصليب الاعظم من رتبه فرانز جوزيف [لغات اخرا] التوقيع ختم محمد علي تعديل مصدري تعديل محمد علي باشا المسعود بن ابراهيم اغا القوللي بالتركيه العثمانيه قوللا محمد علا پاشا وبالتركيه الحديثه Kavalalı Mehmet Ali Paşa وبالالبانيه Mehmet Ali Pasha ),,,,,
321,محمد علي,انفذ محمد علي في اوايل عام 1806م جيشا لمحاربه المماليك في الصعيد بقياده حسن باشا قايد الفرقه الالبانيه,,,,,
322,محمد علي,وانهزمت قوات محمد علي مما ادا الا انسحابها الا جنوب الجيزه,,,,,
323,محمد علي,يذكرون فيها محاسن محمد علي وما كان له من يد في دحر المماليك,,,,,
324,محمد علي,استطاع جيش محمد علي ان يهزم المماليك في اسيوط,,,,,
325,محمد علي,تلقا محمد علي امرا سلطانيا من السلطان العثماني مصطفا الرابع,,,,,
326,محمد علي,فصبت هذه الحادثه في مصلحه محمد علي باشا الذي تمكن من التغلب علا جيش وهابي في بسل,,,,,
327,محمد علي,اضطر محمد علي باشا ان يغادر ويعود الا مصر للقضاء علا حركه تمرد استهدفت حكمه,,,,,
328,محمد علي,طلب السلطان من محمد علي باشا ان يرسل قواته الا اليونان لاخضاع الثوار,,,,,
329,محمد علي,قبل محمد علي باشا القيام بهذا الدور بفعل ان الخطر موجه ضد دوله المسلمين العامه,,,,,
330,محمد علي,لذا فضل محمد علي عزل مصر عن المشكله اليونانيه,,,,,
331,محمد علي,سلطان الدوله العثمانيه منذ سنه 1808 حتا سنه انج 25 وعد محمد علي باشا بتوليته علا لقاء خدماته الجليله للسلطنه,,,,,
332,محمد علي,كان محمد علي يطمح من كل تلك المساعدات والخدمات التي قدمها للدوله العثمانيه ان يمنحه السلطان ولايه من الولايات الكبرا,,,,,
333,محمد علي,ولكن السلطان اكتفا بان اقطع محمد علي جزيره تقديرا لخدماته وتعويضا عن بعض ما فقده في الحرب اليونانيه,,,,,
334,محمد علي,42 وبسبب موقعها علا طريق الحج الا البيت الحرام والراجح ان محمد علي باشا كان يطمح الا ضم منذ عام 1810,,,,,
335,محمد علي,فوعد السلطان محمد علي بان يوليه عليها نظرا لان الحرب في شبه الجزيره كان تورق مضجعه وكان يتطلع الا القضاء علا الوهابيين بسرعه خوفا من ان تودي دعوتهم الا التفرقه بين المسلمين,,,,,
336,محمد علي,انج 26 وربط معظم المورخين بين طلب محمد علي باشا من السلطان عام,,,,,
337,محمد علي,واصدر في الوقت نفسه فرمانا اعلن فيه خيانه محمد علي باشا وابنه ابراهيم للسلطه الشرعيه,,,,,
338,محمد علي,عنديذ نشط ممثلو بريطانيا وفرنسا في التوسط بين السلطان ومحمد علي,,,,,
339,محمد علي,63 واستخدمت علاقاتها الوديه مع مصر لاقناع محمد علي باشا بتسويه خلافه مع السلطان,,,,,
340,محمد علي,وان يكتفي من فتوحه بسناجق صيدا وطرابلس والقدس ونابلس 64 رفض محمد علي باشا وجهه النظر الفرنسيه,,,,,
341,محمد علي,64 المناطق الخاضعه لسلطان محمد علي بعد انتهاء حملته علا بلاد الشام,,,,,
342,محمد علي,واقر لمحمد علي باشا بولايه وكريت وكامل سوريا الطبيعيه (بما يشمل وفلسطين واضنه ),,,,,
343,محمد علي,اذ ان محمد علي باشا لم يوافق علا عقدها الا خشيه من تهديد الدول الاوروبيه بحرمانه من فتوحه,,,,,
344,محمد علي,71 وكاد السلطان عبد المجيد يقبل شروط محمد علي لو لم تصله مذكره مشتركه من وروسيا,,,,,
345,محمد علي,انج 28 كان محمد علي باشا من جهته مصمما علا التمسك بالبلاد التي فتحها واقرته عليها اتفاقيه كوتاهيه,,,,,
346,محمد علي,واوعزت الا سفيرها في باشعال نار الثوره ضد محمد علي في المدن والقرا الشاميه,,,,,
347,محمد علي,75 استقبل محمد علي باشا نبا عزله بهدوء,,,,,
348,محمد علي,لكن الدوله العثمانيه رفضت هذا الشرط بايعاز من 76 ساندت فرنسا محمد علي باشا في موقفه,,,,,
349,محمد علي,عنديذ تدخلت كل من النمسا في هذه القضيه واجبرتا بريطانيا وروسيا علا تبني وجهه نظر محمد علي باشا وفرنسا,,,,,
350,محمد علي,وفعلا اصدر السلطان فرمانا بجعل ولايه مصر وراثيه لمحمد علي باشا,,,,,
351,محمد علي,فقد اسس محمد علي مجلسا حكوميا عرف باسم «الديوان العالي» مقره القلعه يتراسه نايب الوالي محمد علي,,,,,
352,محمد علي,التقسيم الاداري قسم محمد علي مصر الا سبع مديريات اربعه في الوجه البحري وهي الاولا ضمت البحيره والقليوبيه والجيزه والثانيه المنوفيه والغربيه والثالثه الدقهليه والرابعه الشرقيه,,,,,
353,محمد علي,وخشيت من اتساع نفوذ محمد علي باشا حتا المضايق والبحر الاسود,,,,,
354,محمد علي,وكان موقفهم هذا اقرب الا مصالح محمد علي باشا منه الا مصالح السلطان,,,,,
355,محمد علي,1953 شجره العايله الولاه والملوك محمد علي محمد سعيد الخديوي توفيق حسين كامل (*) فواد الاول (**) فواد الثاني الملكات جاويدان هانم ملك حسن طوران نازلي صبري صافيناز ذو الفقار ناريمان ملكه مصر القرينه,,,,,
356,محمد علي,وفاه محمد علي باشا بمصر التعريف بالموقع علماء اشادوا بالموقع لجنه الاشراف العلمي منهجيه عمل الموسوعات مداد المشرف English المتجر تطبيقات الجوال موسوعه التفسير الموسوعه الحديثيه الموسوعه العقديه موسوعه الاديان موسوعه الفرق الموسوعه الفقهيه موسوعه اصول الفقه موسوعه القواعد الفقهيه موسوعه الاخلاق والسلوك موسوعه الاداب الشرعيه موسوعه اللغه العربيه احاديث منتشره لا تصح مقالات وبحوث نفايس الموسوعات قراءه في كتاب,,,,,
357,محمد علي,العام الهجري : 1265 الشهر القمري : رجب العام الميلادي : 1849 تفاصيل الحدث: هو محمد علي باشا المسعود بن ابراهيم اغا القوللي الملقب بعزيز مصر,,,,,
358,محمد ناصر السنعوسي,21:04 وزير الاعلام الاسبق محمد ناصر السنعوسي بعد مسيره اعلاميه وثقافيه وفكريه زاخره,,,,,
359,محمد ناصر السنعوسي,A+ Aالاعلام وزاره الاعلام تنعا الوزير الاسبق الاعلامي الكبير محمد السنعوسي 15/11/2022 LOC12:36 09:36 GMT وزير الاعلام الاسبق الاعلامي الكبير محمد ناصر السنعوسي الكويت,,,,,
360,محمد ناصر السنعوسي,11 (كونا) -- نعت وزاره الاعلام ببالغ الحزن والاسا وزير الاعلام الاسبق الاعلامي الكبير محمد ناصر السنعوسي الذي وافته المنيه بعد معاناه مع المرض,,,,,
361,محمد ناصر السنعوسي,وداعا 16 نوفمبر 2022 المصدر : الانباء عدد التعليقات 11 A+ Aصاحب السمو الامير الشيخ نواف الاحمد مصافحا الراحل محمد ناصر السنعوسي الامير الراحل الشيخ صباح الاحمد مصافحا الراحل محمد ناصر السنعوسي رييس التحرير يوسف خالد المرزوق ونايب رييس التحرير عدنان الراشد اثناء استقبال وزير الاعلام الاسبق الراحل محمد السنعوسي خلال زيارته ل«الانباء» في الاحتفال ب «شعله الانباء للدراما» في ٢٠ مارس ٢٠٢٢ الاعلامي الكبير الراحل محمد السنعوسي اثناء مشاركته في احتفال «الانباء» بذكرا تاسيسها ال43 مفرح الشمري,,,,,
362,محمد ناصر السنعوسي,«الاعلام»: الراحل علامه مميزه في سماء الاعلام الكويتي نعت وزاره الاعلام ببالغ الحزن والاسا وزير الاعلام الاسبق الاعلامي الكبير محمد ناصر السنعوسي الذي وافته المنيه بعد معاناه مع المرض,,,,,
363,فهيد العجمي,فهيد العجمي: تحقق العدل والمساواه للجميع زياده نسبه البناء في مناطق السكن الخاص 26 ديسمبر 2007 12:00 ص |كتب مشعل السلامه|اكد عضو المجلس البلدي فهيد العجمي «ان زياده نسبه البناء في مناطق السكن الخاص والبالغه 120 مترا والتي اعتمدها وزير الاشغال العامه وزير الدوله للشوون البلديه المهندس موسا الصراف ستساهم في حل الكثير من المشكلات التي يعاني منها المواطنون من ضيق المساحات,,,,,
364,عواد برد جاعد منيف العنزي,الموسوعه الحره عواد برد العنزي معلومات شخصيه اسم الولاده عواد برد جاعد منيف العنزي الميلاد 1966 (العمر 60 سنه) الجنسيه الحياه العمليه المدرسه الام الدكتوراه بالشريعه المهنه سياسي الحزب السلف تعديل مصدري,,,,,
365,جاسم أحمد سليمان الاستاذ,الموسوعه الحره جاسم احمد بن سلمان الاستاذ معلومات شخصيه اسم الولاده جاسم احمد سلمان الاستاذ مكان الميلاد تاريخ الوفاه 19 يوليو 2025 الجنسيه الديانه مسلم الحياه العمليه المهنه سياسي الحزب مستقل تعديل مصدري,,,,,
366,خالد عايد جاسم مقضي العنزي,الموسوعه الحره خالد عايد العنزي معلومات شخصيه اسم الولاده الميلاد 17 اكتوبر 1968 (العمر 57 سنه) الجنسيه الديانه مسلم الحياه العمليه المدرسه الام جامعه الكويت المهنه سياسي الحزب قبلي,,,,,
367,خالد عايد جاسم مقضي العنزي,نايب سابق في مجلس الامه الكويتي 1 سيرته خالد عايد العنزي تخرج من جامعه الكويت كليه الحقوق,,,,,
368,خالد عايد جاسم مقضي العنزي,"اطلع عليه بتاريخ 2022-10-02 ""اداء النايب الدكتور خالد عايد العنزي"" مركز اتجاهات للدراسات والبحوث",,,,,
369,مصطفى جاسم الشمالي,وزير النفط مصطفي جاسم الشمالي مصطفي جاسم الشمالي نبذه صطفا جاسم الشمالي [مواليد 1943),,,,,
370,مصطفى جاسم الشمالي,"معالي وزير الماليه مصطفا جاسم الشمالي معالي وزير الماليه مصطفا جاسم الشمالي المصور : الديوان الاميري 28 اكتوبر, 2007 اغلاق",,,,,
371,مصطفى جاسم الشمالي,الرييسيه / الاشخاص / مصطفا جاسم الشمالي مصطفا جاسم الشمالي الطايفه شيعي العايله الشمالي المشاركات في الحكومه الحكومه الوزاره الحكومه 33 (1) وزاره النفط وزير النفط الحكومه 32 وزاره النفط وزير النفط بالوكاله الحكومه 30 الحكومه 29 وزاره الصحه وزير الصحه الحكومه 28 الحكومه 27 الحكومه 26 الحكومه 25 الحكومه 24 الثانيه,,,,,
372,مصطفى جاسم الشمالي,استكشافات واعده للكويت في مجال النفط والغاز 21/12/2013 LOC12:01 09:01 GMT نايب رييس مجلس الوزراء ووزير النفط الكويتي مصطفا جاسم الشمالي اثناء مشاركته في الاجتماع ال91 لمجلس وزراء منظمه الاقطار العربيه المصدره للنفط (اوابك) من نواف الدقباسي الدوحه,,,,,
373,مصطفى جاسم الشمالي,12 (كونا) -- اكد نايب رييس مجلس الوزراء ووزير النفط الكويتي مصطفا جاسم الشمالي هنا اليوم وجود استكشافات واعده للكويت ستزيد من انتاجها اليومي وحجم احتياطياتها في مجالي النفط والغاز وفقا لاستراتيجيه موسسه البترول الكويتيه 2030,,,,,
374,مصطفى جاسم الشمالي,(النهايه) ن ن د / خ ن ش كونا211201 جمت ديس 13 المشاركين في الاجتماع ال91 لمجلس وزراء منظمه الاقطار العربيه المصدره للنفط (اوابك) نايب رييس مجلس الوزراء ووزير النفط الكويتي مصطفا جاسم الشمالي اثناء مشاركته في الاجتماع ال91 لمجلس وزراء منظمه الاقطار العربيه المصدره للنفط (اوابك) موجز الاخبار الكويت,,,,,
375,فاطمه  الكندري,وزير التربيه يحيل الوكيله فاطمه الكندري للتقاعد رسميا,,,,,
376,فاطمه  الكندري,الكندري: بكالوريوس التمريض المدرسي بات ضروريا في الكويت 26 اغسطس 2009 12:00 ص قالت عميد كليه التمريض الدكتوره فاطمه الكندري ان «الكليه علا اتم الاستعداد لطرح برنامج التمريض المدرسي علا مستوا البكالوريوس او الدبلوم المشترك لمواكبه احتياجات المجتمع لهذا التخصص المميز الذي بات ضروريا لرعايه فلذات اكبادنا علا مستوا الطفوله لبنيه المجتمع»,,,,,
377,صلاح عبدالرضا عبدالله خورشيد,الدايره الثالثه عشره 1- صلاح عبدالرضا عبدالله خورشيد من مواليد الكويت 1963 ويحمل دبلوم تخصص بنوك وحاز علا عضويه مجلس الامه عامي 1996 و 1999 و2003 وعضويه مجلس اداره بنك الخليج ومجلس اداره الشركه الكويتيه للمقاصه وتراس مجلس اداره جمعيه الرميثيه التعاونيه وعين وزيرا لوزاره التجاره والصناعه عام 2001,,,,,
378,فالح حمود الصويلح العازمي,الموسوعه الحره معلومات شخصيه اسم الولاده فالح حمود الصويلح العازمي الميلاد 1930 الجنسيه الديانه مسلم الحياه العمليه المهنه سياسي الحزب مستقل,,,,,
379,محمد حمود زامل الفجي,الموسوعه الحره محمد حمود الفجي معلومات شخصيه اسم الولاده محمد حمود زامل الفجي الرشيدي الميلاد 1940 مدينه الكويت تاريخ الوفاه 2 يونيو 2025 (85 سنه) الجنسيه الكويت الديانه مسلم الحياه العمليه المهنه سياسي رجل اعمال الحزب مستقل قبلي تعديل مصدري تعديل محمد حمود زامل الفجي (1940,,,,,
380,محمد حمود زامل الفجي,محمد الفجي في ذمه الله 3 يونيو 2025 01:20 م توفي اليوم النايب السابق محمد حمود زامل الفجي عن عمر يناهز 84 عاما,,,,,
381,محمد حمود زامل الفجي,انتقل الا رحمه الله تعالا النايب السابق محمد حمود زامل الفجي,,,,,
382,سليمان يوسف صالح الذويخ,1971 معلومات شخصيه اسم الولاده سليمان يوسف صالح الذويخ تاريخ الميلاد سنه 1935 الوفاه 15 يونيو 2021 (85-86 سنه) 1 مدينه الكويت مكان الدفن مقبره الصليبخات مواطنه الكويت الديانه مسلم الحياه العمليه المدرسه الام المدرسه المباركيه 2 المهنه سياسي اللغه الام العربيه اللغات العربيه تعديل مصدري,,,,,
383,سلطان  المطيري,صوره تجمع الفريق الركن سلطان المطيري بالراحل الامير سلطان بن عبد العزيز وحسب المعلومات المتوافره عن الراحل فانه بدا رحلته في العمل العسكري بعد حصوله علا شهاده الثانويه من المدرسه السعوديه في المربع عام 1368ه,,,,,
384,محمد الشمري,حفل تنصيب وزير الدفاع في حكومه جمهوريه الصومال الفيدراليه السيد محمد الشمري,,,,,
385,محمد الشمري,"القايم بالاعمال بالانابه في سفاره دوله قطر بمقديشو اكتوبر 18, 2025 ##Qatari-embassy-in-Somalia ##القمه_الوطنيه ##تغير_المناخ حضور السيد محمد الشمري افتتاح القمه الوطنيه للبييه وتغير المناخ بمقديشو اغسطس 19, 2025 ##دوله_قطر ##سفاره_دوله_قطر_بمقديشو ##سفاره_دوله_قطر_في_الصومال ##سفاره-قطر-بالصومال ##نايب_سفير_دول_قطر_بالصومال #Qatar# السيد محمد الشمري",,,,,
386,محمد الشمري,حفل تنصيب وزير الدفاع في حكومه جمهوريه الصومال الفيدراليه ##الاستقرار ##الشرق_الاوسط ##سفاره_دوله_قطر_بمقديشو ##سفاره_دوله_قطر_في_الصومال ##سفاره-قطر-بالصومال ##نايب_سفير_دول_قطر_بالصومال السيد محمد الشمري,,,,,
387,محمد الشمري,"اكتوبر 18, 2025 السيد محمد الشمري قايم بالاعمال بالانابه بسفاره دوله قطر في مقديشو",,,,,
388,محمد الشمري,حفل تنصيب وزير الدفاع في حكومه جمهوريه الصومال الفيدراليه حضور السيد محمد الشمري قايم بالاعمال بالانابه بسفاره دوله قطر في مقديشو,,,,,
389,محمد الشمري,حفل تنصيب وزير الدفاع في حكومه جمهوريه الصومال الفيدراليه السيد محمد الشمري قايم بالاعمال بالانابه بسفاره دوله قطر بمقديشو,,,,,
390,محمد الشمري,"القايم بالاعمال بالانابه في سفاره دوله قطر بمقديشو اكتوبر 18, 2025 ##Qatari-embassy-in-Somalia ##القمه_الوطنيه ##تغير_المناخ حضور السيد محمد الشمري افتتاح القمه الوطنيه للبييه وتغير المناخ بمقديشو اغسطس 19, 2025 ##دوله_قطر ##سفاره_دوله_قطر_بمقديشو ##سفاره_دوله_قطر_في_الصومال ##سفاره-قطر-بالصومال ##نايب_سفير_دول_قطر_بالصومال #Qatar# السيد محمد الشمري قايم بالاعمال بالانابه بسفاره دوله قطر في مقديشو",,,,,
391,محمد الشمري,حفل تنصيب وزير الدفاع في حكومه جمهوريه الصومال الفيدراليه ##الاستقرار ##الشرق_الاوسط ##سفاره_دوله_قطر_بمقديشو ##سفاره_دوله_قطر_في_الصومال ##سفاره-قطر-بالصومال ##نايب_سفير_دول_قطر_بالصومال السيد محمد الشمري قايم بالاعمال بالانابه بسفاره دوله قطر بمقديشو,,,,,
392,محمد الشمري,حفل تنصيب وزير الدفاع في حكومه جمهوريه الصومال الفيدراليه ##الشرق_الاوسط ##شرق_اوسط ##قطر_الخير حضور السيد محمد الشمري قايم بالاعمال بالانابه بسفاره دوله قطر بمقديشو,,,,,
393,محمد الشمري,"حفل تنصيب وزير الدفاع في حكومه جمهوريه الصومال الفيدراليه ابريل 6, 2025 ##قطر_الخير ##مركز_صحي مشاركه السيد محمد الشمري القايم بالاعمال بالانابه بالسفاره القطريه بالصومال قطر الخير",,,,,
394,بدر شبيب الشريعان,الرييسيه / الاشخاص / بدر شبيب الشريعان بدر شبيب الشريعان القبيله العوازم المشاركات في الحكومه الحكومه الوزاره الحكومه 27 وزاره الكهرباء والماء والطاقه المتجدده وزير الكهرباء و الماء,,,,,
395,بدر شبيب الشريعان,"وزير الكهرباء والماء الدكتور بدر شبيب الشريعان وزير الكهرباء والماء الدكتور بدر شبيب الشريعان المصور : ارشيف 01 ديسمبر, 2010 اغلاق",,,,,
396,حامد محري عليان نومان البذالي,الموسوعه الحره حامد البذالي معلومات شخصيه اسم الولاده حامد محري عليان نومان البذالي مكان الميلاد الكويت الجنسيه كويتي الديانه الاسلام الحياه العمليه التعلم ليسانس الحقوق المدرسه الام جامعه الكويت المهنه سياسي الحزب مستقل تعديل مصدري,,,,,
397,احمد سعد  الدين,المستشار احمد بنداري: القايمه ليس محل طعون في عمليه انتخابات مجلس النواب رييس المنظمه المصريه لحقوق الانسان: موقف الرييس السيسي بشان انتخابات مجلس النواب رساله صادمه لكل من حاول العبث بالعمليه الانتخابيه تحيا مصر ينشر السيره الذاتيه ل المستشار احمد سعد الدين بعد فوزه في انتخابات مجلس النواب 2025 تحيا مصر ينشر السيره الذاتيه للمستشار احمد سعد الدين,,,,,
398,نواف سليمان علي الخميس الفزيع,الموسوعه الحره نواف الفزيع معلومات شخصيه اسم الولاده نواف سليمان علي الخميس الفزيع الميلاد (العمر 51-52) الجنسيه الديانه مسلم منصب نايب في مجلس الامه الكويتي المبطل ديسمبر 2012 الحياه العمليه المدرسه الام جامعه الكويت,,,,,
399,بدر العازمي,سفير/ غازي حامد الفضلي ويرافقه مسوول الشوون القنصليه/ بدر العازمي مع مدير اداره الهجره لدا وزاره الداخليه البلغاريه المفوض الكبير/ نيكولاي نيكولوف ونوابه وذلك لتذليل كافه العقبات التي تواجه المواطنين الكويتيين الراغبين في الاقامه في بلغاريا وتسهيل معاملاتهم اقام سعاده ال,,,,,
400,بدر العازمي,لبحث تسهيل دخول المواطنين الكويتيين الذين يرغبون بدخول بلغاريا عبر الحدود البلغاريه التركيه ولتلافي اي عقبات قد تعترضهم التقا سعاده السفير/ غازي حامد الفضلي ويرافقه مسوول الشوون القنصليه/ بدر العازمي مع مدير اداره الهجره لدا وزاره الداخليه البلغاريه المفوض الكبير/ نيكولاي نيكولوف ونوابه,,,,,
401,فيصل سعيد نافل سعد الغريب,الرييسيه / الاشخاص / فيصل سعيد نافل سعد الغريب فيصل سعيد نافل سعد الغريب العايله الغريب المشاركات في الحكومه الحكومه الوزاره الحكومه 44 وزاره العدل وزير العدل وزاره الاوقاف والشوون الاسلاميه وزير الاوقاف و الشوون الاسلاميه المشاركات في الانتخابات ومجالس الامه الانتخابات الدايره الترتيب عدد الاصوات النتيجه مجلس الامه 2003 السالميه (2003) 9 252 خسر,,,,,
402,سالم فلاح مبارك الحجرف,الموسوعه الحره الدكتور سالم فلاح مبارك الحجرف وزير الكهرباء والماء والطاقه المتجدده في المنصب 17 يناير,,,,,
403,سالم فلاح مبارك الحجرف,وزير «الكهرباء» و«الاسكان» سالم الحجرف: سنعمل جاهدين لتذليل جميع الصعوبات في القطاعات الحيويه سالم الحجرف علي العلاس 17 يناير 2024 06:26 م قال وزير الكهرباء والماء والطاقه المتجدده وزير الدوله لشوون الاسكان الدكتور سالم فلاح مبارك الحجرف «اود ان ارفع لمقام سمو امير البلاد الشيخ مشعل الاحمد,,,,,
404,خليفة ثامر الحميدة,6 اكتوبر 2022 الامير نواف الاحمد الجابر الصباح رييس الوزراء احمد النواف الاحمد الصباح معلومات شخصيه اسم الولاده خليفه ثامر الحميده مكان الميلاد مواطنه الديانه الاسلام الاب ثامر الحميده الحياه العمليه المهنه سياسي اللغه الام اللغه العربيه تعديل مصدري,,,,,
405,خليفة ثامر الحميدة,خليفه ثامر الحميده نبذه المناصب الوزاريه الحاليه والسابقه حاله الوزير الا من الوزاره استقاله الحكومه 2022-10-06,,,,,
406,عبدالله علي عبدالله السالم المبارك الصباح,"kw 28 January 2024 ""كونا : السيره الذاتيه لوزير الدفاع الشيخ عبدالله علي عبدالله السالم الصباح",,,,,
407,حمود يوسف أحمد النصف,الموسوعه الحره حمود يوسف النصف مناصب معلومات شخصيه اسم الولاده حمود يوسف احمد النصف الميلاد 1928 تاريخ الوفاه 23 يناير 2001 (73 سنه) الجنسيه الديانه مسلم الحياه العمليه المهنه سياسي الحزب مستقل تعديل مصدري,,,,,
408,أحمد عبدالمحسن تركي المليفي,وزير التربيه والتعليم العالي وزير العدل بالكويت سابقا احمد عبدالمحسن تركي المليفي,,,,,
409,رجا حجيلان شباب المطيري,الموسوعه الحره رجا حجيلان شباب المطيري معلومات شخصيه تاريخ الميلاد 1941 (العمر 85 سنه) الجنسيه كويتي الديانه مسلم مناصب الحياه العمليه المهنه نايب سابق في مجلس الامه الكويتي تعديل مصدري,,,,,
410,رجا حجيلان شباب المطيري,النايب رجا حجيلان شباب المطيري النايب رجا حجيلان شباب المطيري المصور : ارشيف,,,,,
411,مهلهل خالد أحمد جاسم المضف,الموسوعه الحره معلومات شخصيه اسم الولاده الميلاد 29 ابريل 1971 (العمر 54 سنه) الجنسيه الديانه مسلم الاب خالد احمد المضف الحياه العمليه المدرسه الام الهييه العامه للتعليم التطبيقي والتدريب المهنه سياسي الحزب مستقل تعديل مصدري,,,,,
412,مهلهل خالد أحمد جاسم المضف,"3 مجلس الامه الكويتي 2020 4 الموضوع الموقف استجواب الوزير حمد جابر العلي (يناير 2022) استجواب الوزير احمد ناصر الصباح (فبراير 2022) استجواب الوزير علي حسين الموسا (مارس 2022) مراجع مهلهل خالد احمد المضف نسخه محفوظه 2021-02-10 علا موقع واي باك مشين نسخه محفوظه 2020-01-24 علا موقع واي باك مشين ""اداء النايب مهلهل المضف في مجلس الامه"" مركز اتجاهات للدراسات والبحوث",,,,,
413,طاهر علي طاهر إبراهيم الفيلكاوي,الموسوعه الحره طاهر الفيلكاوي معلومات شخصيه اسم الولاده طاهر علي طاهر ابراهيم الفيلكاوي الميلاد 1958 (العمر 68 سنه) الجنسيه الديانه مسلم الحياه العمليه المدرسه الام ماجستير في الدراسات الاستيراتيجيه المهنه سياسي الحزب مستقل تعديل مصدري,,,,,
