id,sentence,subject,relation,object,evidence,target_output,split,areej_baseline_prediction
1,مبارك حمود سعدون الطشه نائب في مجلس الأمة الكويتي.,مبارك حمود سعدون الطشه,position_held,نائب في مجلس الأمة الكويتي,نائب في مجلس الأمة الكويتي,<bor> مبارك حمود سعدون الطشه <per> نائب في مجلس الأمة الكويتي <concept> position held <rt> نائب في مجلس الأمة الكويتي <e>,validation,</s>ar_AR<bor> حمود سعدون<per> الكويتي<loc> country of citizenship<rt> الكويتي<e></s>
2,معصومة صالح محمد المبارك سياسية.,معصومة صالح محمد المبارك,position_held,سياسية,سياسية,<bor> معصومة صالح محمد المبارك <per> سياسية <concept> position held <rt> سياسية <e>,train,</s>ar_AR<bor> معصومة صالح محمد المبارك<per> سياسية<concept> occupation<rt> سياسية<e></s><pad><pad><pad>
3,منصور الشيخ موسى المزيدي عضو المجلس التاسيسي الكويتي.,منصور الشيخ موسا المزيدي,position_held,عضو المجلس التاسيسي الكويتي,عضو المجلس التاسيسي الكويتي,<bor> منصور الشيخ موسا المزيدي <per> عضو المجلس التاسيسي الكويتي <concept> position held <rt> عضو المجلس التاسيسي الكويتي <e>,train,</s>ar_AR<bor> موسى المزيدي<per> الكويتي<loc> country of citizenship<rt> الكويتي<e></s><pad>
4,اللواء منصور العوضي هو وكيل وزارة الداخلية المساعد لشؤون أمن المنافذ.,اللواء منصور العوضي,position_held,وكيل وزاره الداخليه المساعد لشوون امن المنافذ,هو وكيل وزارة الداخلية المساعد لشؤون أمن المنافذ,<bor> اللواء منصور العوضي <per> وكيل وزاره الداخليه المساعد لشوون امن المنافذ <concept> position held <rt> هو وكيل وزارة الداخلية المساعد لشؤون أمن المنافذ <e>,validation,</s>ar_AR<bor> منصور العوضي<per> وكيل وزارة الداخلية<per> position held<rt> هو<e></s><pad>
5,مبارك محمد كنيفذ مرزوق الوعلان المطيري سياسي.,مبارك محمد كنيفذ مرزوق الوعلان المطيري,position_held,سياسي,سياسي,<bor> مبارك محمد كنيفذ مرزوق الوعلان المطيري <per> سياسي <concept> position held <rt> سياسي <e>,train,</s>ar_AR<bor> مرزوق الوعلان المطيري<per> سياسي<concept> occupation<rt> سياسي<e></s><pad><pad><pad><pad><pad><pad>
6,سعود محمد راشد بطي الشويعر هو أحد النواب الجدد الذين دخلوا المجلس.,سعود محمد راشد بطي الشويعر,position_held,نائب,هو أحد النواب,<bor> سعود محمد راشد بطي الشويعر <per> نائب <concept> position held <rt> هو أحد النواب <e>,train,</s>ar_AR<bor> سعود محمد راشد بطي الشويعر<per> child<rt> none<e></s><pad><pad><pad><pad><pad><pad><pad>
7,النايب عبدالله حشر عايد البرغش.,عبدالله حشر عايد البرغش,position_held,النايب,النايب عبدالله حشر عايد البرغش,<bor> عبدالله حشر عايد البرغش <per> النايب <concept> position held <rt> النايب عبدالله حشر عايد البرغش <e>,train,</s>ar_AR<bor> نايب عبدالله<unk> حشر عايد البرغش<concept> parent taxon<rt> حشر<e></s><pad><pad>
8,المستشار جمال هاضل سالم الجلاوي هو وزير العدل ووزير الدولة لشؤون النزاهة.,جمال هاضل سالم الجلاوي,position_held,وزير العدل ووزير الدولة لشؤون النزاهة,هو وزير العدل ووزير الدولة لشؤون النزاهة,<bor> جمال هاضل سالم الجلاوي <per> وزير العدل ووزير الدولة لشؤون النزاهة <concept> position held <rt> هو وزير العدل ووزير الدولة لشؤون النزاهة <e>,train,</s>ar_AR<bor> جمال هاضل سالم الجلاوي<per> وزير الدولة لشؤون النزاهة<per> position held<rt> هو<e></s>
9,عبدالعزيز ماجد الماجد وزير العدل ووزير الأوقاف والشؤون الإسلامية.,عبدالعزيز ماجد الماجد,position_held,وزير العدل,وزير العدل,<bor> عبدالعزيز ماجد الماجد <per> وزير العدل <concept> position held <rt> وزير العدل <e>,validation,</s>ar_AR<bor> عبدالعزيز ماجد الماجد<per> وزير العدل<per> position held<rt> وزير العدل<e></s>
10,حمود عبدالله الرقبه هو وزير اسبق.,حمود عبدالله الرقبه,position_held,وزير اسبق,هو وزير اسبق,<bor> حمود عبدالله الرقبه <per> وزير اسبق <concept> position held <rt> هو وزير اسبق <e>,validation,</s>ar_AR<bor> حمود عبدالله الرقبه<per> وزير<concept> occupation<rt> هو<e></s><pad><pad>
11,محمد ضيف الله القحص العنزي سياسي.,محمد ضيف الله القحص العنزي,position_held,سياسي,سياسي,<bor> محمد ضيف الله القحص العنزي <per> سياسي <concept> position held <rt> سياسي <e>,train,</s>ar_AR<bor> محمد ضيف الله القحص<per> سياسي<concept> occupation<rt> سياسي<e></s><pad><pad>
12,يوسف الوزان سياسي.,يوسف الوزان,position_held,سياسي,سياسي,<bor> يوسف الوزان <per> سياسي <concept> position held <rt> سياسي <e>,train,</s>ar_AR<bor> يوسف الوزان<per> سياسي<concept> occupation<rt> سياسي<e></s><pad><pad><pad><pad><pad>
13,نايف محمد الحجرف هو مساعد مدير امن محافظه الفروانيه.,نايف محمد الحجرف,position_held,مساعد مدير امن محافظه الفروانيه,هو مساعد مدير امن محافظه الفروانيه,<bor> نايف محمد الحجرف <per> مساعد مدير امن محافظه الفروانيه <concept> position held <rt> هو مساعد مدير امن محافظه الفروانيه <e>,train,</s>ar_AR<bor> نايف محمد الحجرف<per> محافظه الفروانيه<loc> position held<rt> مساعد مدير امن<e></s>
14,حسين براك الدوسري سياسي.,حسين براك الدوسري,position_held,سياسي,سياسي,<bor> حسين براك الدوسري <per> سياسي <concept> position held <rt> سياسي <e>,train,</s>ar_AR<bor> حسين براك الدوسري<per> سياسي<concept> occupation<rt> سياسي<e></s><pad><pad><pad><pad><pad><pad><pad>
15,خليل ابراهيم عبدالله المزين نايب.,خليل ابراهيم عبدالله المزين,position_held,نايب,نايب,<bor> خليل ابراهيم عبدالله المزين <per> نايب <concept> position held <rt> نايب <e>,validation,</s>ar_AR<bor> خليل ابراهيم عبدالله المزين نايب.</s><pad><pad><pad><pad><pad><pad><pad><pad><pad><pad><pad>
16,عيد هذال الرشيدي وزير الاشغال العامه.,عيد هذال الرشيدي,position_held,وزير الاشغال العامه,وزير الاشغال العامه,<bor> عيد هذال الرشيدي <per> وزير الاشغال العامه <concept> position held <rt> وزير الاشغال العامه <e>,train,</s>ar_AR<bor> عيد هذال الرشيدي وزير الاشغال العامه<e></s><pad><pad><pad><pad><pad><pad><pad><pad>
17,عايض علوش الخميشي العازمي هو عضو مجلس الأمة الراحل.,عايض علوش الخميشي العازمي,position_held,عضو مجلس الامه الراحل,هو عضو مجلس الأمة الراحل,<bor> عايض علوش الخميشي العازمي <per> عضو مجلس الامه الراحل <concept> position held <rt> هو عضو مجلس الأمة الراحل <e>,train,</s>ar_AR<bor> عايض علوش الخميشي العازمي<per> مجلس الأمة<media> member of<rt> هو عضو<e></s>
18,فراج زبن عربيد جلوي العربيد نايب.,فراج زبن عربيد جلوي العربيد,position_held,نايب,نايب,<bor> فراج زبن عربيد جلوي العربيد <per> نايب <concept> position held <rt> نايب <e>,train,</s>ar_AR<bor> زبن عربيد<concept> عربيد<concept> facet of<rt> none<e></s><pad><pad><pad><pad><pad>
19,عبدالوهاب سليمان الفوزان وزير الصحه الكويتي السابق.,عبد الوهاب سليمان الفوزان,position_held,وزير الصحه الكويتي السابق,وزير الصحه الكويتي السابق,<bor> عبد الوهاب سليمان الفوزان <per> وزير الصحه الكويتي السابق <concept> position held <rt> وزير الصحه الكويتي السابق <e>,train,</s>ar_AR<bor> عبدالوهاب سليمان الفوزان<per> الكويتي<loc> country of citizenship<rt> الكويتي<e></s><pad><pad>
20,بدر غريد سعوي راشد البذالي شارك في الانتخابات البرلمانيه.,بدر غريد سعوي راشد البذالي,position_held,مشارك في الانتخابات البرلمانية,شارك في الانتخابات البرلمانيه,<bor> بدر غريد سعوي راشد البذالي <per> مشارك في الانتخابات البرلمانية <concept> position held <rt> شارك في الانتخابات البرلمانيه <e>,validation,</s>ar_AR<bor> راشد البذالي<per> راشد البذالي<per> child<rt> شارك في الانتخابات البرلمانيه<e></s><pad><pad>
21,فلاح ضاحي فلاح ضاحي دلواح الهاجري نائب في مجلس الأمة الكويتي.,فلاح ضاحي فلاح ضاحي دلواح الهاجري,position_held,نائب في مجلس الأمة الكويتي,نائب في مجلس الأمة الكويتي,<bor> فلاح ضاحي فلاح ضاحي دلواح الهاجري <per> نائب في مجلس الأمة الكويتي <concept> position held <rt> نائب في مجلس الأمة الكويتي <e>,train,</s>ar_AR<bor> ضاحي دلواح الهاجري<per> الكويتي<loc> country of citizenship<rt> none<e><bor> الكويتي<loc> مجلس الأمة الكويتي<media> legislative body<rt> none<e></s>
22,سعد الخراز هو وزير الشؤون الجديد.,سعد الخراز,position_held,وزير الشؤون الجديد,هو وزير الشؤون الجديد,<bor> سعد الخراز <per> وزير الشؤون الجديد <concept> position held <rt> هو وزير الشؤون الجديد <e>,test,</s>ar_AR<bor> سعد الخراز<per> وزير الشؤون الجديد<media> position held<rt> هو<e><bor> وزير الشؤون الجديد<media> سعد الخراز<per> chairperson<rt> none<e></s><pad><pad><pad><pad><pad><pad><pad><pad>
23,مبارك فالح رجعان راعي الفحماء سياسي.,مبارك فالح رجعان راعي الفحماء,position_held,سياسي,سياسي,<bor> مبارك فالح رجعان راعي الفحماء <per> سياسي <concept> position held <rt> سياسي <e>,train,</s>ar_AR<bor> مبارك فالح رجعان<per> سياسي<concept> occupation<rt> راعي الفحماء<e></s><pad><pad><pad><pad><pad><pad><pad><pad><pad><pad><pad><pad><pad><pad><pad><pad><pad><pad><pad>
24,النائب عبداللطيف عبدالوهاب عبدالرحمن مبارك العميري.,عبداللطيف عبدالوهاب عبدالرحمن مبارك العميري,position_held,النائب,النائب عبداللطيف عبدالوهاب عبدالرحمن مبارك العميري,<bor> عبداللطيف عبدالوهاب عبدالرحمن مبارك العميري <per> النائب <concept> position held <rt> النائب عبداللطيف عبدالوهاب عبدالرحمن مبارك العميري <e>,validation,</s>ar_AR<bor> عبداللطيف عبدالوهاب عبدالرحمن مبارك العميري<per> النائب<concept> occupation<rt> النائب<e></s><pad><pad><pad><pad><pad><pad><pad><pad><pad><pad><pad><pad><pad><pad><pad><pad><pad><pad>
25,مطلق محمد صعصيع الشليمي نايب سابق في مجلس الامه الكويتي.,مطلق محمد صعصيع الشليمي,position_held,نايب سابق في مجلس الامه الكويتي,نايب سابق في مجلس الامه الكويتي,<bor> مطلق محمد صعصيع الشليمي <per> نايب سابق في مجلس الامه الكويتي <concept> position held <rt> نايب سابق في مجلس الامه الكويتي <e>,train,</s>ar_AR<bor> مطلق محمد صعصيع<per> الكويتي<loc> country of citizenship<rt> none<e></s><pad><pad><pad><pad>
26,سعد الحتيرش أمير بقعاء.,سعد الحتيرش,position_held,أمير بقعاء,أمير بقعاء,<bor> سعد الحتيرش <per> أمير بقعاء <concept> position held <rt> أمير بقعاء <e>,train,</s>ar_AR<bor> سعد الحتيرش<per> بقعاء<loc> place of birth<rt> أمير بقعاء<e></s><pad><pad><pad><pad>
27,كان محمد صقر المعوشرجي أول وزير للأوقاف بعد الاحتلال العراقي.,محمد صقر المعوشرجي,position_held,وزير للأوقاف,كان أول وزير للأوقاف,<bor> محمد صقر المعوشرجي <per> وزير للأوقاف <concept> position held <rt> كان أول وزير للأوقاف <e>,test,</s>ar_AR<bor> محمد صقر المعوشرجي<per> وزير للأوقاف<loc> position held<rt> أول وزير للأوقاف<e></s>
28,راشد عوض مطلق الجويسري سياسي.,راشد عوض مطلق الجويسري,position_held,سياسي,سياسي,<bor> راشد عوض مطلق الجويسري <per> سياسي <concept> position held <rt> سياسي <e>,train,</s>ar_AR<bor> راشد عوض مطلق الجويسري<per> سياسي<concept> occupation<rt> سياسي<e></s><pad><pad><pad><pad><pad><pad><pad><pad>
29,كان النائب الأسبق في مجلس الأمة فلاح مطلق هذال مقدن الصواغ العازمي.,فلاح مطلق هذال مقدن الصواغ العازمي,position_held,النائب الأسبق في مجلس الأمة,كان النائب الأسبق في مجلس الأمة,<bor> فلاح مطلق هذال مقدن الصواغ العازمي <per> النائب الأسبق في مجلس الأمة <concept> position held <rt> كان النائب الأسبق في مجلس الأمة <e>,train,</s>ar_AR<bor> العازمي<per> مجلس الأمة<media> occupation<rt> في<e></s><pad><pad><pad><pad><pad><pad><pad><pad><pad>
30,العقيد فيصل الديحاني مدير ادارة العلاقات العامة والاعلام الامني في وزارة الداخلية.,فيصل الديحاني,position_held,مدير ادارة العلاقات العامة والاعلام الامني في وزارة الداخلية,مدير ادارة العلاقات العامة والاعلام الامني في وزارة الداخلية,<bor> فيصل الديحاني <per> مدير ادارة العلاقات العامة والاعلام الامني في وزارة الداخلية <concept> position held <rt> مدير ادارة العلاقات العامة والاعلام الامني في وزارة الداخلية <e>,train,</s>ar_AR<bor> فيصل الديحاني<per> العقيد<concept> military rank<rt> العقيد<e></s><pad><pad><pad><pad><pad><pad><pad>
31,خالد حسين عبد علي عبد الرحيم الشطي نايب سابق في مجلس الامه الكويتي.,خالد حسين عبد علي عبد الرحيم الشطي,position_held,نايب سابق في مجلس الامه الكويتي,نايب سابق في مجلس الامه الكويتي,<bor> خالد حسين عبد علي عبد الرحيم الشطي <per> نايب سابق في مجلس الامه الكويتي <concept> position held <rt> نايب سابق في مجلس الامه الكويتي <e>,train,</s>ar_AR<bor> خالد حسين عبد علي عبد الرحيم الشطي<per> الكويتي<loc> country of citizenship<rt> none<e></s><pad>
32,أصبح ناصر صنهات العصيمي مختاراً لمنطقة خيطان.,ناصر صنهات العصيمي,position_held,مختاراً لمنطقة خيطان,أصبح ناصر صنهات العصيمي مختاراً لمنطقة خيطان,<bor> ناصر صنهات العصيمي <per> مختاراً لمنطقة خيطان <concept> position held <rt> أصبح ناصر صنهات العصيمي مختاراً لمنطقة خيطان <e>,train,</s>ar_AR<bor> ناصر صنهات العصيمي<per> خيطان<loc> place of birth<rt> مختاراً لمنطقة<e></s>
33,نواف بهيش سعد هواش العازمي عضو مجلس الامه الكويتي.,نواف بهيش سعد هواش العازمي,position_held,عضو مجلس الامه الكويتي,عضو مجلس الامه الكويتي,<bor> نواف بهيش سعد هواش العازمي <per> عضو مجلس الامه الكويتي <concept> position held <rt> عضو مجلس الامه الكويتي <e>,train,</s>ar_AR<bor> نواف بهيش سعد هواش العازمي<per> الكويتي<loc> country of citizenship<rt> none<e></s>
34,المهندس جراح المطيري هو نايب المدير العام.,جراح المطيري,position_held,نايب المدير العام,هو نايب المدير العام,<bor> جراح المطيري <per> نايب المدير العام <concept> position held <rt> هو نايب المدير العام <e>,test,</s>ar_AR<bor> جراح المطيري<per> occupation<rt> هو نايب المدير العام<e></s><pad><pad><pad><pad><pad><pad><pad><pad><pad>
35,علي احمد ابراهيم احمد البغلي هو وزير كويتي سابق.,علي احمد ابراهيم احمد البغلي,position_held,وزير كويتي سابق,هو وزير كويتي سابق,<bor> علي احمد ابراهيم احمد البغلي <per> وزير كويتي سابق <concept> position held <rt> هو وزير كويتي سابق <e>,train,</s>ar_AR<bor> علي احمد ابراهيم احمد البغلي<per> كويتي<loc> country of citizenship<rt> وزير كويتي<e></s><pad><pad>
36,مريم عقيل هاشم العقيل وزيرة للشؤون الاجتماعية ووزيرة دولة للشؤون الاقتصادية.,مريم عقيل هاشم العقيل,position_held,وزيره للشوون الاجتماعيه,وزيرة للشؤون الاجتماعية,<bor> مريم عقيل هاشم العقيل <per> وزيره للشوون الاجتماعيه <concept> position held <rt> وزيرة للشؤون الاجتماعية <e>,train,</s>ar_AR<bor> مريم عقيل هاشم العقيل وزيرة للشؤون الاجتماعية ووزيرة دولة للشؤون الاقتصادية<e></s><pad><pad><pad>
37,الرئيس التنفيذي لشركة نفط الكويت هو احمد العيدان.,احمد العيدان,position_held,الرئيس التنفيذي لشركة نفط الكويت,الرئيس التنفيذي لشركة نفط الكويت هو احمد العيدان,<bor> احمد العيدان <per> الرئيس التنفيذي لشركة نفط الكويت <concept> position held <rt> الرئيس التنفيذي لشركة نفط الكويت هو احمد العيدان <e>,train,</s>ar_AR<bor> نفط الكويت<org> الكويت<loc> country<rt> لشركة نفط الكويت<e></s><pad><pad><pad><pad><pad><pad><pad><pad>
38,فيصل الحجي بوخضور هو السفير الكويتي الأسبق في البحرين.,فيصل الحجي بوخضور,position_held,السفير الكويتي الاسبق,هو السفير الكويتي الأسبق,<bor> فيصل الحجي بوخضور <per> السفير الكويتي الاسبق <concept> position held <rt> هو السفير الكويتي الأسبق <e>,train,</s>ar_AR<bor> فيصل الحجي بوخضور<per> الكويتي<loc> country of citizenship<rt> الكويتي الأسبق<e></s>
39,عبدلله عبدالصمد معرفي وزير الاسكان.,عبدلله عبدالصمد معرفي,position_held,وزير الاسكان,وزير الاسكان,<bor> عبدلله عبدالصمد معرفي <per> وزير الاسكان <concept> position held <rt> وزير الاسكان <e>,train,</s>ar_AR<bor> عبدالصمد معرفي<per> وزير الاسكان<concept> position held<rt> وزير الاسكان<e></s><pad><pad><pad><pad><pad>
40,عمار محمد عمار لبدان العجمي سياسي.,عمار محمد عمار لبدان العجمي,position_held,سياسي,سياسي,<bor> عمار محمد عمار لبدان العجمي <per> سياسي <concept> position held <rt> سياسي <e>,train,</s>ar_AR<bor> عمار لبدان العجمي<per> سياسي<concept> occupation<rt> سياسي<e></s><pad><pad><pad><pad><pad><pad>
41,بدر فهد علي الدويله وزير كويتي سابق.,بدر فهد علي الدويله,position_held,وزير كويتي سابق,وزير كويتي سابق,<bor> بدر فهد علي الدويله <per> وزير كويتي سابق <concept> position held <rt> وزير كويتي سابق <e>,train,</s>ar_AR<bor> بدر فهد علي الدويله<per> كويتي<loc> country of citizenship<rt> وزير كويتي<e></s><pad><pad><pad>
42,علي ثنيان صالح الأذينة سياسي.,علي ثنيان صالح الأذينة,position_held,سياسي,سياسي,<bor> علي ثنيان صالح الأذينة <per> سياسي <concept> position held <rt> سياسي <e>,test,</s>ar_AR<bor> علي ثنيان صالح الأذينة<per> سياسي<concept> occupation<rt> سياسي<e></s><pad><pad><pad><pad><pad><pad><pad>
43,تم تعيين خالد محمد العجمي مديرا للموارد البشريه.,خالد محمد العجمي,position_held,مدير الموارد البشريه,تم تعيين خالد محمد العجمي مديرا للموارد البشريه,<bor> خالد محمد العجمي <per> مدير الموارد البشريه <concept> position held <rt> تم تعيين خالد محمد العجمي مديرا للموارد البشريه <e>,train,</s>ar_AR<bor> خالد محمد العجمي<per> مديرا للموارد البشريه<concept> occupation<rt> مديرا للموارد البشريه<e></s>
44,محمد عبد المحسن فراج العصيمي سياسي.,محمد عبد المحسن فراج العصيمي,position_held,سياسي,سياسي,<bor> محمد عبد المحسن فراج العصيمي <per> سياسي <concept> position held <rt> سياسي <e>,train,</s>ar_AR<bor> محمد عبد المحسن فراج العصيمي<per> سياسي<concept> occupation<rt> سياسي<e></s><pad><pad><pad><pad><pad><pad>
45,راشد صالح التوحيد عضو مجلس الامه الاسبق.,راشد صالح التوحيد,position_held,عضو مجلس الامه الاسبق,عضو مجلس الامه الاسبق,<bor> راشد صالح التوحيد <per> عضو مجلس الامه الاسبق <concept> position held <rt> عضو مجلس الامه الاسبق <e>,train,</s>ar_AR<pad><pad><pad><pad><pad><pad><pad><pad><pad><pad><pad><pad><pad><pad><pad><pad><pad><pad><pad><pad><pad><pad><pad><pad><pad><pad><pad><pad><pad><pad><pad><pad><pad><pad><pad><pad><pad><pad><pad><pad><pad><pad><pad><pad><pad><pad><pad><pad><pad><pad><pad><pad><pad><pad><pad><pad><pad><pad><pad><pad><pad><pad><pad><pad><pad><pad><pad><pad><pad><pad><pad><pad><pad><pad><pad><pad><pad><pad><pad><pad><pad><pad><pad><pad><pad><pad><pad><pad><pad><pad><pad><pad><pad><pad><pad><pad><pad><pad><pad><pad><pad><pad><pad><pad><pad><pad><pad><pad><pad><pad><pad><pad><pad><pad><pad><pad><pad><pad><pad><pad><pad><pad><pad><pad><pad><pad><pad><pad><pad><pad><pad><pad><pad><pad><pad><pad><pad><pad><pad><pad><pad><pad><pad><pad><pad><pad><pad><pad><pad><pad><pad><pad><pad><pad><pad><pad><pad></s>
46,عوده عوده الرويعي هو واحد من 20 نائباً سابقاً حافظوا على مقاعدهم الانتخابية.,عوده عوده الرويعي,position_held,نائب سابق,هو واحد من 20 نائباً سابقاً,<bor> عوده عوده الرويعي <per> نائب سابق <concept> position held <rt> هو واحد من 20 نائباً سابقاً <e>,train,</s>ar_AR<bor> عوده عوده الرويعي<per> office held by head of the organization<rt> none<e><bor> عوده عوده الرويعي<per> office held by head of the organization<rt> none<e></s><pad><pad><pad><pad><pad><pad><pad><pad><pad><pad><pad><pad><pad><pad><pad><pad><pad><pad><pad><pad><pad><pad><pad><pad><pad><pad><pad><pad><pad><pad><pad><pad><pad><pad><pad><pad><pad><pad><pad><pad><pad><pad><pad><pad><pad><pad><pad><pad><pad><pad><pad><pad><pad><pad><pad><pad><pad><pad><pad><pad><pad><pad><pad><pad><pad><pad><pad><pad><pad><pad><pad><pad><pad><pad><pad><pad><pad><pad><pad><pad><pad><pad><pad><pad><pad><pad><pad><pad><pad><pad><pad><pad><pad><pad><pad><pad><pad><pad><pad><pad><pad><pad><pad><pad><pad><pad><pad><pad><pad><pad><pad><pad><pad><pad><pad><pad><pad>
47,ثامر سعد غيث السويط الظفيري نائب مجلس الأمة الكويتي.,ثامر سعد غيث السويط الظفيري,position_held,نائب مجلس الأمة الكويتي,نائب مجلس الأمة الكويتي,<bor> ثامر سعد غيث السويط الظفيري <per> نائب مجلس الأمة الكويتي <concept> position held <rt> نائب مجلس الأمة الكويتي <e>,validation,</s>ar_AR<bor> ثامر سعد غيث السويط<per> الكويتي<loc> country of citizenship<rt> الكويتي<e><bor> الكويتي<loc> مجلس الأمة الكويتي<media> legislative body<rt> none<e></s><pad><pad><pad><pad><pad><pad><pad><pad><pad><pad><pad><pad><pad><pad><pad><pad><pad><pad><pad><pad><pad><pad><pad><pad><pad><pad><pad><pad><pad><pad><pad><pad><pad><pad><pad><pad><pad><pad><pad><pad><pad><pad><pad><pad><pad><pad><pad><pad><pad><pad><pad><pad><pad><pad><pad><pad><pad><pad><pad><pad><pad><pad><pad><pad><pad><pad><pad><pad><pad><pad><pad><pad><pad><pad><pad><pad><pad><pad><pad><pad><pad><pad><pad><pad><pad><pad><pad><pad><pad><pad><pad><pad><pad><pad><pad><pad><pad><pad><pad><pad><pad><pad><pad><pad><pad><pad><pad><pad><pad><pad><pad><pad><pad><pad><pad><pad><pad><pad><pad><pad><pad>
48,الشيخ ثامر علي صباح السالم الصباح وزير الداخليه.,الشيخ ثامر علي صباح السالم الصباح,position_held,وزير الداخليه,وزير الداخليه,<bor> الشيخ ثامر علي صباح السالم الصباح <per> وزير الداخليه <concept> position held <rt> وزير الداخليه <e>,test,</s>ar_AR<bor> ثامر علي صباح السالم الصباح وزير الداخليه<e></s><pad><pad><pad><pad><pad><pad><pad><pad><pad><pad><pad><pad><pad><pad><pad><pad><pad><pad><pad><pad><pad><pad><pad><pad><pad><pad><pad><pad><pad><pad><pad><pad><pad><pad><pad><pad><pad><pad><pad><pad><pad><pad><pad><pad><pad><pad><pad><pad><pad><pad><pad><pad><pad><pad><pad><pad><pad><pad><pad><pad><pad><pad><pad><pad><pad><pad><pad><pad><pad><pad><pad><pad><pad><pad><pad><pad><pad><pad><pad><pad><pad><pad><pad><pad><pad><pad><pad><pad><pad><pad><pad><pad><pad><pad><pad><pad><pad><pad><pad><pad><pad><pad><pad><pad><pad><pad><pad><pad><pad><pad><pad><pad><pad><pad><pad><pad><pad><pad><pad><pad><pad><pad><pad><pad><pad><pad><pad><pad><pad><pad><pad><pad><pad><pad><pad><pad><pad><pad><pad><pad><pad><pad><pad><pad><pad>
49,تم تعيين الدكتور نايف الرومي محافظا لهيئة تقويم التعليم العام.,نايف الرومي,position_held,محافظ لهيئة تقويم التعليم العام,تم تعيين الدكتور نايف الرومي محافظا لهيئة تقويم التعليم العام,<bor> نايف الرومي <per> محافظ لهيئة تقويم التعليم العام <concept> position held <rt> تم تعيين الدكتور نايف الرومي محافظا لهيئة تقويم التعليم العام <e>,test,</s>ar_AR<bor> الدكتور نايف الرومي<per> محافظا لهيئة تقويم التعليم العام<unk> position held<rt> تم تعيين<e></s>
50,الحميدي السبيعي نائب سابق في مجلس الأمة الكويتي.,الحميدي السبيعي,position_held,نائب سابق في مجلس الأمة الكويتي,نائب سابق في مجلس الأمة الكويتي,<bor> الحميدي السبيعي <per> نائب سابق في مجلس الأمة الكويتي <concept> position held <rt> نائب سابق في مجلس الأمة الكويتي <e>,test,</s>ar_AR<bor> الحميدي السبيعي<per> مجلس الأمة الكويتي<media> position held<rt> نائب سابق في<e></s><pad><pad><pad><pad>
51,مفلح العازمي سياسي.,مفلح العازمي,position_held,سياسي,مفلح العازمي سياسي,<bor> مفلح العازمي <per> سياسي <concept> position held <rt> مفلح العازمي سياسي <e>,train,</s>ar_AR<bor> مفلح العازمي<per> سياسي<concept> occupation<rt> سياسي<e></s><pad><pad><pad><pad><pad><pad><pad><pad><pad>
52,انتخب محمد رفيع ضمن هذا المجلس.,محمد رفيع,position_held,عضو في المجلس,انتخب محمد رفيع ضمن هذا المجلس,<bor> محمد رفيع <per> عضو في المجلس <concept> position held <rt> انتخب محمد رفيع ضمن هذا المجلس <e>,test,</s>ar_AR<bor> محمد رفيع<per> مجلس<concept> position held<rt> ضمن هذا المجلس<e></s><pad><pad><pad><pad><pad><pad><pad><pad>
53,يوسف المطيري المتحدث باسم وزاره الشوون الاجتماعيه.,يوسف المطيري,position_held,المتحدث باسم وزاره الشوون الاجتماعيه,المتحدث باسم وزاره الشوون الاجتماعيه,<bor> يوسف المطيري <per> المتحدث باسم وزاره الشوون الاجتماعيه <concept> position held <rt> المتحدث باسم وزاره الشوون الاجتماعيه <e>,test,</s>ar_AR<bor> يوسف المطيري<per> المتحدث باسم وزاره الشوون<unk> position held<rt> المتحدث باسم<e></s><pad><pad><pad><pad><pad><pad><pad><pad><pad><pad><pad><pad><pad><pad><pad>
54,عبد الله حمد العجمي سياسي.,عبد الله حمد العجمي,position_held,سياسي,سياسي,<bor> عبد الله حمد العجمي <per> سياسي <concept> position held <rt> سياسي <e>,validation,</s>ar_AR<bor> عبد الله حمد العجمي<per> سياسي<concept> occupation<rt> سياسي<e></s><pad><pad><pad><pad><pad><pad><pad><pad><pad><pad><pad><pad><pad><pad><pad><pad><pad>
55,عاليه فيصل حمود زيد الخالد نايب سابق في مجلس الامه الكويتي.,عاليه فيصل حمود زيد الخالد,position_held,نايب سابق في مجلس الامه الكويتي,نايب سابق في مجلس الامه الكويتي,<bor> عاليه فيصل حمود زيد الخالد <per> نايب سابق في مجلس الامه الكويتي <concept> position held <rt> نايب سابق في مجلس الامه الكويتي <e>,train,</s>ar_AR<bor> حمود زيد الخالد نايب سابق في مجلس الامه الكويتي<e><bor> مجلس الامه الكويتي<media> الكويتي<loc> country<rt> none<e></s>
56,مبارك بنيه الخرينج رئيس لجنة العلاقات المصرية الكويتية في مجلس الأمة الكويتي.,مبارك بنيه الخرينج,position_held,رئيس لجنة العلاقات المصرية الكويتية في مجلس الأمة الكويتي,رئيس لجنة العلاقات المصرية الكويتية في مجلس الأمة الكويتي,<bor> مبارك بنيه الخرينج <per> رئيس لجنة العلاقات المصرية الكويتية في مجلس الأمة الكويتي <concept> position held <rt> رئيس لجنة العلاقات المصرية الكويتية في مجلس الأمة الكويتي <e>,train,</s>ar_AR<bor> الكويتي<e><bor> مجلس الأمة الكويتي<media> الكويتي<loc> country<rt> none<e></s><pad><pad><pad><pad><pad><pad><pad><pad><pad><pad><pad><pad><pad><pad><pad>
57,عبدالله متعب مسفر مرزوق العرادة كان عضوا في مجلس الأمة الكويتي.,عبدالله متعب مسفر مرزوق العراده,position_held,عضو في مجلس الأمة الكويتي,كان عضوا في مجلس الأمة الكويتي,<bor> عبدالله متعب مسفر مرزوق العراده <per> عضو في مجلس الأمة الكويتي <concept> position held <rt> كان عضوا في مجلس الأمة الكويتي <e>,train,</s>ar_AR<bor> عبدالله متعب<per> مجلس الأمة الكويتي<media> member of<rt> كان عضوا في<e></s><pad><pad><pad><pad>
58,تم تعيين محمد ابطيحان الدويهيس وزيرا للتخطيط.,محمد ابطيحان الدويهيس,position_held,وزير التخطيط,تم تعيين محمد ابطيحان الدويهيس وزيرا للتخطيط,<bor> محمد ابطيحان الدويهيس <per> وزير التخطيط <concept> position held <rt> تم تعيين محمد ابطيحان الدويهيس وزيرا للتخطيط <e>,test,</s>ar_AR<bor> محمد ابطيحان الدويهيس<per> وزيرا للتخطيط<concept> position held<rt> تم تعيين<e></s>
59,مفرج نهار مفرج خلف المطيري سياسي.,مفرج نهار مفرج خلف المطيري,position_held,سياسي,سياسي,<bor> مفرج نهار مفرج خلف المطيري <per> سياسي <concept> position held <rt> سياسي <e>,train,</s>ar_AR<bor> مفرج خلف المطيري<per> سياسي<concept> occupation<rt> سياسي<e></s><pad><pad><pad><pad><pad><pad><pad><pad>
60,عبدالله المسلماني محامي الدوله.,عبدالله المسلماني,position_held,محامي الدوله,محامي الدوله,<bor> عبدالله المسلماني <per> محامي الدوله <concept> position held <rt> محامي الدوله <e>,train,</s>ar_AR<bor> عبدالله المسلماني<per> محامي<concept> occupation<rt> محامي الدوله<e></s><pad><pad><pad><pad><pad><pad>
61,ماجد مساعد عوض مطلق الرشاش المطيري نائب في مجلس الأمة الكويتي.,ماجد مساعد عوض مطلق الرشاش المطيري,position_held,نائب في مجلس الأمة الكويتي,نائب في مجلس الأمة الكويتي,<bor> ماجد مساعد عوض مطلق الرشاش المطيري <per> نائب في مجلس الأمة الكويتي <concept> position held <rt> نائب في مجلس الأمة الكويتي <e>,train,</s>ar_AR<bor> ماجد مساعد<per> الكويتي<loc> country of citizenship<rt> الكويتي<e><bor> مجلس الأمة الكويتي<media> الكويتي<loc> country<rt> مجلس الأمة الكويتي<e></s><pad><pad><pad><pad><pad><pad><pad><pad><pad><pad><pad><pad><pad><pad><pad><pad><pad><pad><pad><pad><pad><pad><pad><pad><pad><pad><pad><pad><pad><pad><pad><pad><pad><pad><pad><pad><pad><pad><pad><pad><pad><pad><pad><pad><pad><pad><pad><pad><pad><pad><pad><pad><pad><pad><pad><pad><pad><pad><pad><pad><pad><pad><pad><pad><pad><pad><pad><pad><pad><pad><pad><pad><pad><pad><pad><pad><pad><pad><pad><pad><pad><pad><pad><pad><pad><pad><pad><pad><pad><pad><pad><pad><pad><pad><pad><pad><pad><pad><pad><pad><pad><pad><pad><pad><pad><pad><pad><pad><pad><pad><pad><pad><pad><pad><pad><pad><pad><pad><pad><pad><pad><pad><pad><pad><pad>
62,ماجد مساعد المطيري عضو مجلس الأمة.,ماجد مساعد المطيري,position_held,عضو مجلس الأمة,عضو مجلس الأمة,<bor> ماجد مساعد المطيري <per> عضو مجلس الأمة <concept> position held <rt> عضو مجلس الأمة <e>,train,</s>ar_AR<pad><pad><pad><pad><pad><pad><pad><pad><pad><pad><pad><pad><pad><pad><pad><pad><pad><pad><pad><pad><pad><pad><pad><pad><pad><pad><pad><pad><pad><pad><pad><pad><pad><pad><pad><pad><pad><pad><pad><pad><pad><pad><pad><pad><pad><pad><pad><pad><pad><pad><pad><pad><pad><pad><pad><pad><pad><pad><pad><pad><pad><pad><pad><pad><pad><pad><pad><pad><pad><pad><pad><pad><pad><pad><pad><pad><pad><pad><pad><pad><pad><pad><pad><pad><pad><pad><pad><pad><pad><pad><pad><pad><pad><pad><pad><pad><pad><pad><pad><pad><pad><pad><pad><pad><pad><pad><pad><pad><pad><pad><pad><pad><pad><pad><pad><pad><pad><pad><pad><pad><pad><pad><pad><pad><pad><pad><pad><pad><pad><pad><pad><pad><pad><pad><pad><pad><pad><pad><pad><pad><pad><pad><pad><pad><pad><pad><pad><pad><pad><pad><pad><pad><pad><pad><pad><pad><pad></s>
63,أنور عراك عنتر عواد الفكر الظفيري نائب سابق في مجلس الأمة الكويتي.,أنور عراك عنتر عواد الفكر الظفيري,position_held,نائب سابق في مجلس الأمة الكويتي,نائب سابق في مجلس الأمة الكويتي,<bor> أنور عراك عنتر عواد الفكر الظفيري <per> نائب سابق في مجلس الأمة الكويتي <concept> position held <rt> نائب سابق في مجلس الأمة الكويتي <e>,validation,</s>ar_AR<bor> أنور عراك عنتر<per> الكويتي<loc> country of citizenship<rt> none<e><bor> مجلس الأمة الكويتي<media> الكويتي<loc> country<rt> none<e></s><pad><pad><pad><pad><pad><pad><pad><pad><pad><pad><pad><pad><pad><pad><pad><pad><pad><pad><pad><pad><pad><pad><pad><pad><pad><pad><pad><pad><pad><pad><pad><pad><pad><pad><pad><pad><pad><pad><pad><pad><pad><pad><pad><pad><pad><pad><pad><pad><pad><pad><pad><pad><pad><pad><pad><pad><pad><pad><pad><pad><pad><pad><pad><pad><pad><pad><pad><pad><pad><pad><pad><pad><pad><pad><pad><pad><pad><pad><pad><pad><pad><pad><pad><pad><pad><pad><pad><pad><pad><pad><pad><pad><pad><pad><pad><pad><pad><pad><pad><pad><pad><pad><pad><pad><pad><pad><pad><pad><pad><pad><pad><pad><pad><pad><pad><pad><pad><pad><pad><pad><pad><pad><pad><pad>
64,محمد عبدالرحمن بوزبر وزير العدل ووزير دولة لشؤون تعزيز النزاهة.,محمد عبدالرحمن بوزبر,position_held,وزير العدل,وزير العدل,<bor> محمد عبدالرحمن بوزبر <per> وزير العدل <concept> position held <rt> وزير العدل <e>,train,</s>ar_AR<bor> عبدالرحمن بوزبر<per> وزير العدل<per> position held<rt> وزير العدل<e></s><pad><pad><pad><pad><pad><pad><pad><pad><pad><pad><pad><pad><pad><pad><pad><pad><pad><pad><pad><pad><pad><pad><pad><pad><pad><pad><pad><pad><pad><pad><pad><pad><pad><pad><pad><pad><pad><pad><pad><pad><pad><pad><pad><pad><pad><pad><pad><pad><pad><pad><pad><pad><pad><pad><pad><pad><pad><pad><pad><pad><pad><pad><pad><pad><pad><pad><pad><pad><pad><pad><pad><pad><pad><pad><pad><pad><pad><pad><pad><pad><pad><pad><pad><pad><pad><pad><pad><pad><pad><pad><pad><pad><pad><pad><pad><pad><pad><pad><pad><pad><pad><pad><pad><pad><pad><pad><pad><pad><pad><pad><pad><pad><pad><pad><pad><pad><pad><pad><pad><pad><pad><pad><pad><pad><pad><pad><pad><pad><pad><pad><pad><pad><pad><pad><pad><pad><pad><pad><pad><pad><pad><pad>
65,فيصل عبدالحميد الصانع عضو مجلس الامه.,فيصل عبدالحميد الصانع,position_held,عضو مجلس الامه,عضو مجلس الامه,<bor> فيصل عبدالحميد الصانع <per> عضو مجلس الامه <concept> position held <rt> عضو مجلس الامه <e>,test,</s>ar_AR<bor> فيصل عبدالحميد الصانع<per> عضو مجلس الامه<e><bor> مجلس الامه<media> فيصل عبدالحميد الصانع<per> chairperson<rt> عضو<e></s><pad><pad><pad><pad><pad><pad><pad><pad><pad><pad><pad><pad><pad><pad><pad><pad><pad><pad><pad><pad><pad><pad><pad><pad><pad><pad><pad><pad><pad><pad><pad><pad><pad><pad><pad><pad><pad><pad><pad><pad><pad><pad><pad><pad><pad><pad><pad><pad><pad><pad><pad><pad><pad><pad><pad><pad><pad><pad><pad><pad><pad><pad><pad><pad><pad><pad><pad><pad><pad><pad><pad><pad><pad><pad><pad><pad><pad><pad><pad><pad><pad><pad><pad><pad><pad><pad><pad><pad><pad><pad><pad><pad><pad><pad><pad><pad><pad><pad><pad><pad><pad><pad><pad><pad><pad><pad><pad><pad><pad><pad><pad><pad><pad><pad><pad><pad><pad><pad><pad><pad><pad><pad><pad><pad><pad>
66,خليفه مساعد حماده سياسي كويتي.,خليفه مساعد حماده,position_held,سياسي كويتي,سياسي كويتي,<bor> خليفه مساعد حماده <per> سياسي كويتي <concept> position held <rt> سياسي كويتي <e>,train,</s>ar_AR<pad><pad><pad><pad><pad><pad><pad><pad><pad><pad><pad><pad><pad><pad><pad><pad><pad><pad><pad><pad><pad><pad><pad><pad><pad><pad><pad><pad><pad><pad><pad><pad><pad><pad><pad><pad><pad><pad><pad><pad><pad><pad><pad><pad><pad><pad><pad><pad><pad><pad><pad><pad><pad><pad><pad><pad><pad><pad><pad><pad><pad><pad><pad><pad><pad><pad><pad><pad><pad><pad><pad><pad><pad><pad><pad><pad><pad><pad><pad><pad><pad><pad><pad><pad><pad><pad><pad><pad><pad><pad><pad><pad><pad><pad><pad><pad><pad><pad><pad><pad><pad><pad><pad><pad><pad><pad><pad><pad><pad><pad><pad><pad><pad><pad><pad><pad><pad><pad><pad><pad><pad><pad><pad><pad><pad><pad><pad><pad><pad><pad><pad><pad><pad><pad><pad><pad><pad><pad><pad><pad><pad><pad><pad><pad><pad><pad><pad><pad><pad><pad><pad><pad><pad><pad><pad><pad><pad></s>
67,الاستيناف تؤيد حبس النائب السابق ماجد المطيري.,ماجد المطيري,position_held,النائب السابق,النائب السابق,<bor> ماجد المطيري <per> النائب السابق <concept> position held <rt> النائب السابق <e>,train,</s>ar_AR<bor> ماجد المطيري<per> ماجد المطيري<per> child<rt> النائب السابق<e></s><pad><pad><pad><pad><pad><pad><pad><pad><pad><pad><pad><pad><pad><pad><pad><pad><pad><pad><pad><pad><pad><pad><pad><pad><pad><pad><pad><pad><pad><pad><pad><pad><pad><pad><pad><pad><pad><pad><pad><pad><pad><pad><pad><pad><pad><pad><pad><pad><pad><pad><pad><pad><pad><pad><pad><pad><pad><pad><pad><pad><pad><pad><pad><pad><pad><pad><pad><pad><pad><pad><pad><pad><pad><pad><pad><pad><pad><pad><pad><pad><pad><pad><pad><pad><pad><pad><pad><pad><pad><pad><pad><pad><pad><pad><pad><pad><pad><pad><pad><pad><pad><pad><pad><pad><pad><pad><pad><pad><pad><pad><pad><pad><pad><pad><pad><pad><pad><pad><pad><pad><pad><pad><pad><pad><pad><pad><pad><pad><pad><pad><pad><pad><pad><pad><pad><pad><pad><pad><pad><pad><pad>
68,عبدالعزيز طارق حمود عبدالعزيز الصقعبي عضو مجلس الامه 2020.,عبدالعزيز طارق حمود عبدالعزيز الصقعبي,position_held,عضو مجلس الامه 2020,عضو مجلس الامه 2020,<bor> عبدالعزيز طارق حمود عبدالعزيز الصقعبي <per> عضو مجلس الامه 2020 <concept> position held <rt> عضو مجلس الامه 2020 <e>,train,</s>ar_AR<bor> 2020<time> 2020<date> point in time<rt> عضو مجلس الامه<e></s><pad><pad><pad><pad><pad><pad><pad><pad><pad><pad><pad><pad><pad><pad><pad><pad><pad><pad><pad><pad><pad><pad><pad><pad><pad><pad><pad><pad><pad><pad><pad><pad><pad><pad><pad><pad><pad><pad><pad><pad><pad><pad><pad><pad><pad><pad><pad><pad><pad><pad><pad><pad><pad><pad><pad><pad><pad><pad><pad><pad><pad><pad><pad><pad><pad><pad><pad><pad><pad><pad><pad><pad><pad><pad><pad><pad><pad><pad><pad><pad><pad><pad><pad><pad><pad><pad><pad><pad><pad><pad><pad><pad><pad><pad><pad><pad><pad><pad><pad><pad><pad><pad><pad><pad><pad><pad><pad><pad><pad><pad><pad><pad><pad><pad><pad><pad><pad><pad><pad><pad><pad><pad><pad><pad><pad><pad><pad><pad><pad><pad><pad><pad><pad><pad><pad><pad><pad><pad><pad><pad><pad><pad><pad>
69,حسام عبدالله عبدالوهاب حسين الرومي وزير الدولة للشؤون البلدية.,حسام عبدالله عبدالوهاب حسين الرومي,position_held,وزير الدولة للشؤون البلدية,وزير الدولة للشؤون البلدية,<bor> حسام عبدالله عبدالوهاب حسين الرومي <per> وزير الدولة للشؤون البلدية <concept> position held <rt> وزير الدولة للشؤون البلدية <e>,test,</s>ar_AR<bor> عبدالله عبدالوهاب حسين الرومي<per> وزير الدولة<concept> position held<rt> وزير الدولة<e></s><pad><pad><pad><pad><pad>
70,جاسر خالد الجاسر الراجحي نائب سابق في البرلمان.,جاسر خالد الجاسر الراجحي,position_held,نائب سابق في البرلمان,نائب سابق في البرلمان,<bor> جاسر خالد الجاسر الراجحي <per> نائب سابق في البرلمان <concept> position held <rt> نائب سابق في البرلمان <e>,train,</s>ar_AR<bor> جاسر خالد الجاسر الراجحي<per> نائب سابق في البرلمان<concept> position held<rt> نائب سابق في<e></s>
71,عايض علوش عوض المطيري سياسي.,عايض علوش عوض المطيري,position_held,سياسي,سياسي,<bor> عايض علوش عوض المطيري <per> سياسي <concept> position held <rt> سياسي <e>,train,</s>ar_AR<bor> عايض علوش<per> سياسي<concept> occupation<rt> سياسي<e></s><pad><pad><pad><pad><pad><pad><pad><pad><pad><pad>
72,النائب خلف العتيبي.,خلف العتيبي,position_held,نائب,النائب خلف العتيبي,<bor> خلف العتيبي <per> نائب <concept> position held <rt> النائب خلف العتيبي <e>,train,</s>ar_AR<bor> خلف العتيبي<per> النائب<concept> occupation<rt> النائب<e></s><pad><pad><pad><pad><pad><pad><pad><pad><pad><pad>
73,يوسف خالد المخلد المطيري نائب سابق في مجلس الأمة الكويتي.,يوسف خالد المخلد المطيري,position_held,نائب سابق في مجلس الأمة الكويتي,نائب سابق في مجلس الأمة الكويتي,<bor> يوسف خالد المخلد المطيري <per> نائب سابق في مجلس الأمة الكويتي <concept> position held <rt> نائب سابق في مجلس الأمة الكويتي <e>,train,</s>ar_AR<bor> يوسف خالد المخلد المطيري<per> مجلس الأمة الكويتي<media> position held<rt> نائب سابق في<e></s><pad><pad><pad><pad><pad><pad><pad><pad><pad><pad><pad><pad><pad><pad>
74,جنان محسن حسن رمضان بوشهري وزيره الاشغال.,جنان محسن حسن رمضان بوشهري,position_held,وزيره الاشغال,وزيره الاشغال,<bor> جنان محسن حسن رمضان بوشهري <per> وزيره الاشغال <concept> position held <rt> وزيره الاشغال <e>,train,</s>ar_AR<bor> جنان محسن حسن رمضان بوشهري<per> بوشهري<loc> place of birth<rt> none<e></s><pad><pad><pad><pad><pad><pad><pad><pad><pad><pad><pad><pad><pad><pad><pad>
75,معالي الدكتورة أمثال هادي هايف الحويلة تتولى الرئاسة.,أمثال هادي هايف الحويلة,position_held,رئيسة,تتولى الرئاسة,<bor> أمثال هادي هايف الحويلة <per> رئيسة <concept> position held <rt> تتولى الرئاسة <e>,train,</s>ar_AR<bor> أمثال هادي هايف الحويلة<per> الدكتورة<concept> position held<rt> تتولى الرئاسة<e><bor> الدكتورة<concept> الرئاسة<concept> subclass of<rt> none<e></s>
76,عبد الله مشاري الروضان سياسي.,عبد الله مشاري الروضان,position_held,سياسي,سياسي,<bor> عبد الله مشاري الروضان <per> سياسي <concept> position held <rt> سياسي <e>,train,</s>ar_AR<bor> عبد الله مشاري الروضان<per> سياسي<concept> occupation<rt> سياسي<e></s><pad><pad><pad><pad><pad><pad><pad><pad><pad><pad><pad><pad><pad><pad><pad><pad><pad><pad>
77,جمعان محمد ناصر الحريتي نجح في انتخابات المجلس الوطني الكويتي 1990.,جمعان محمد ناصر الحريتي,position_held,عضو في المجلس الوطني الكويتي,نجح في انتخابات المجلس الوطني الكويتي,<bor> جمعان محمد ناصر الحريتي <per> عضو في المجلس الوطني الكويتي <concept> position held <rt> نجح في انتخابات المجلس الوطني الكويتي <e>,validation,</s>ar_AR<bor> جمعان محمد ناصر الحريتي<per> الكويتي<loc> country of citizenship<rt> الكويتي<e><bor> الكويتي<loc> 1990<date> inception<rt> none<e><bor> 1990<time> 1990<date> point in time<rt> none<e></s>
78,جمعان ظاهر ماضي الحربش سياسي.,جمعان ظاهر ماضي الحربش,position_held,سياسي,سياسي,<bor> جمعان ظاهر ماضي الحربش <per> سياسي <concept> position held <rt> سياسي <e>,train,</s>ar_AR<bor> جمعان ظاهر ماضي الحربش<per> سياسي<concept> occupation<rt> سياسي<e></s><pad><pad><pad><pad><pad><pad><pad><pad><pad><pad><pad><pad><pad><pad><pad><pad><pad><pad><pad><pad><pad><pad><pad><pad><pad><pad><pad>
79,مسعود سعد هملان الهملان سياسي.,مسعود سعد هملان الهملان,position_held,سياسي,سياسي,<bor> مسعود سعد هملان الهملان <per> سياسي <concept> position held <rt> سياسي <e>,test,</s>ar_AR<bor> مسعود سعد هملان الهملان<per> سياسي<concept> occupation<rt> سياسي<e></s><pad><pad><pad><pad><pad><pad><pad><pad><pad><pad><pad><pad><pad><pad><pad><pad><pad><pad><pad><pad><pad><pad><pad><pad><pad><pad><pad>
80,بدر زايد حمد الداهوم العازمي هو رئيس المكتب السياسي لتجمع ثوابت الأمة.,بدر زايد حمد الداهوم العازمي,position_held,رئيس المكتب السياسي لتجمع ثوابت الأمة,هو رئيس المكتب السياسي لتجمع ثوابت الأمة,<bor> بدر زايد حمد الداهوم العازمي <per> رئيس المكتب السياسي لتجمع ثوابت الأمة <concept> position held <rt> هو رئيس المكتب السياسي لتجمع ثوابت الأمة <e>,train,</s>ar_AR<bor> زايد حمد الداهوم العازمي<per> العازمي<loc> country of citizenship<rt> none<e></s><pad><pad><pad><pad><pad><pad><pad><pad><pad><pad><pad><pad><pad><pad><pad><pad><pad><pad><pad>
81,بدر ضاحي العجيل نائب سابق في مجلس الأمة الكويتي.,بدر ضاحي العجيل,position_held,نائب سابق في مجلس الأمة الكويتي,نائب سابق في مجلس الأمة الكويتي,<bor> بدر ضاحي العجيل <per> نائب سابق في مجلس الأمة الكويتي <concept> position held <rt> نائب سابق في مجلس الأمة الكويتي <e>,train,</s>ar_AR<bor> بدر ضاحي العجيل<per> مجلس الأمة الكويتي<media> position held<rt> نائب سابق في<e></s>
82,مبارك سالم مبارك ناصر الحريص سياسي.,مبارك سالم مبارك ناصر الحريص,position_held,سياسي,سياسي,<bor> مبارك سالم مبارك ناصر الحريص <per> سياسي <concept> position held <rt> سياسي <e>,train,</s>ar_AR<bor> مبارك سالم مبارك ناصر الحريص<per> سياسي<concept> occupation<rt> سياسي<e></s><pad><pad><pad>
83,الفريق الركن سلطان المطيري.,سلطان المطيري,position_held,الفريق الركن,الفريق الركن سلطان المطيري,<bor> سلطان المطيري <per> الفريق الركن <concept> position held <rt> الفريق الركن سلطان المطيري <e>,validation,</s>ar_AR<bor> سلطان المطيري<per> الفريق<concept> occupation<rt> الفريق الركن<e></s><pad><pad><pad><pad><pad>
84,خالد محمد شديد الطاحوس سياسي.,خالد محمد شديد الطاحوس,position_held,سياسي,سياسي,<bor> خالد محمد شديد الطاحوس <per> سياسي <concept> position held <rt> سياسي <e>,train,</s>ar_AR<bor> خالد محمد شديد الطاحوس<per> سياسي<concept> occupation<rt> سياسي<e></s><pad><pad><pad><pad>
85,خالد مشعان منيخر طاحوس عضو مجلس الامه الكويتي.,خالد مشعان منيخر طاحوس,position_held,عضو مجلس الامه الكويتي,عضو مجلس الامه الكويتي,<bor> خالد مشعان منيخر طاحوس <per> عضو مجلس الامه الكويتي <concept> position held <rt> عضو مجلس الامه الكويتي <e>,train,</s>ar_AR<bor> خالد مشعان<per> الكويتي<loc> country of citizenship<rt> عضو مجلس الامه الكويتي<e></s>
86,يعين اللواء ركن مهندس متقاعد محمد عبد العزيز سعود بوعركي.,محمد عبد العزيز سعود بوعركي,position_held,اللواء ركن مهندس متقاعد,يعين اللواء ركن مهندس متقاعد محمد عبد العزيز سعود بوعركي,<bor> محمد عبد العزيز سعود بوعركي <per> اللواء ركن مهندس متقاعد <concept> position held <rt> يعين اللواء ركن مهندس متقاعد محمد عبد العزيز سعود بوعركي <e>,test,</s>ar_AR<bor> محمد عبد العزيز سعود بوعركي<per> مهندس<concept> occupation<rt> مهندس متقاعد<e></s><pad><pad>
87,علي سالم جعيلان الدقباسي رئيس البرلمان العربي سابقا.,علي سالم جعيلان الدقباسي,position_held,رئيس البرلمان العربي سابقا,رئيس البرلمان العربي سابقا,<bor> علي سالم جعيلان الدقباسي <per> رئيس البرلمان العربي سابقا <concept> position held <rt> رئيس البرلمان العربي سابقا <e>,test,</s>ar_AR<bor> سالم جعيلان الدقباسي<per> رئيس البرلمان العربي<per> position held<rt> رئيس<e></s><pad><pad>
88,مصلح هميجان مرشد العازمي سياسي.,مصلح هميجان مرشد العازمي,position_held,سياسي,سياسي,<bor> مصلح هميجان مرشد العازمي <per> سياسي <concept> position held <rt> سياسي <e>,train,</s>ar_AR<bor> مصلح هميجان<per> سياسي<concept> occupation<rt> مرشد العازمي سياسي<e></s><pad>
89,موسى حسين عبدالله حسن الصراف عضو في جمعية المهندسين الكويتية.,موسى حسين عبدالله حسن الصراف,position_held,عضو في جمعية المهندسين الكويتية,عضو في جمعية المهندسين الكويتية,<bor> موسى حسين عبدالله حسن الصراف <per> عضو في جمعية المهندسين الكويتية <concept> position held <rt> عضو في جمعية المهندسين الكويتية <e>,train,</s>ar_AR<pad><pad><pad><pad><pad><pad><pad><pad><pad><pad><pad><pad><pad><pad><pad><pad><pad><pad><pad><pad><pad><pad><pad><pad><pad><pad><pad><pad><pad><pad><pad><pad><pad><pad><pad><pad><pad><pad><pad><pad><pad><pad><pad><pad><pad><pad><pad><pad><pad><pad><pad><pad><pad><pad><pad><pad><pad><pad><pad><pad><pad><pad><pad><pad><pad><pad><pad><pad><pad><pad><pad><pad><pad><pad><pad><pad><pad><pad><pad><pad><pad><pad><pad><pad><pad><pad><pad><pad><pad><pad><pad><pad><pad><pad><pad><pad><pad><pad><pad><pad><pad><pad><pad><pad><pad><pad><pad><pad><pad><pad><pad><pad><pad><pad><pad><pad><pad><pad><pad><pad><pad><pad><pad><pad><pad><pad><pad><pad><pad><pad><pad><pad><pad><pad><pad><pad><pad><pad><pad><pad><pad><pad><pad><pad><pad><pad><pad><pad><pad><pad><pad><pad><pad><pad><pad><pad><pad></s>
90,سليمان سعدون البدر وزير التربية.,سليمان سعدون البدر,position_held,وزير التربية,وزير التربية,<bor> سليمان سعدون البدر <per> وزير التربية <concept> position held <rt> وزير التربية <e>,test,</s>ar_AR<bor> سليمان سعدون البدر<per> وزير التربية.<org> position held<rt> وزير التربية<e></s><pad><pad><pad><pad><pad><pad><pad><pad><pad><pad><pad><pad><pad><pad><pad><pad><pad><pad><pad><pad><pad><pad><pad><pad><pad><pad><pad><pad><pad><pad><pad><pad><pad><pad><pad><pad><pad><pad><pad><pad><pad><pad><pad><pad><pad><pad><pad><pad><pad><pad><pad><pad><pad><pad><pad><pad><pad><pad><pad><pad><pad><pad><pad><pad><pad><pad><pad><pad><pad><pad><pad><pad><pad><pad><pad><pad><pad><pad><pad><pad><pad><pad><pad><pad><pad><pad><pad><pad><pad><pad><pad><pad><pad><pad><pad><pad><pad><pad><pad><pad><pad><pad><pad><pad><pad><pad><pad><pad><pad><pad><pad><pad><pad><pad><pad><pad><pad><pad><pad><pad><pad><pad><pad><pad><pad><pad><pad><pad><pad><pad><pad><pad><pad><pad><pad><pad><pad><pad><pad><pad>
91,متعب ناصر محمد الجلال سعود السهلي له سيرة برلمانية.,متعب ناصر محمد الجلال سعود السهلي,position_held,برلماني,له سيرة برلمانية,<bor> متعب ناصر محمد الجلال سعود السهلي <per> برلماني <concept> position held <rt> له سيرة برلمانية <e>,train,</s>ar_AR<bor> متعب ناصر محمد الجلال سعود السهلي<per> المملكة العربية السعودية<loc> country of citizenship<rt> none<e></s><pad><pad><pad><pad><pad><pad><pad><pad><pad><pad><pad><pad><pad><pad><pad><pad><pad><pad><pad><pad><pad><pad><pad><pad><pad><pad><pad><pad><pad><pad><pad><pad><pad><pad><pad><pad><pad><pad><pad><pad><pad><pad><pad><pad><pad><pad><pad><pad><pad><pad><pad><pad><pad><pad><pad><pad><pad><pad><pad><pad><pad><pad><pad><pad><pad><pad><pad><pad><pad><pad><pad><pad><pad><pad><pad><pad><pad><pad><pad><pad><pad><pad><pad><pad><pad><pad><pad><pad><pad><pad><pad><pad><pad><pad><pad><pad><pad><pad><pad><pad><pad><pad><pad><pad><pad><pad><pad><pad><pad><pad><pad><pad><pad><pad><pad><pad><pad><pad><pad><pad><pad><pad><pad><pad><pad><pad><pad><pad><pad><pad><pad><pad><pad>
92,سعد الحريتي هو الملحق العسكري الكويتي في بلجيكا.,سعد الحريتي,position_held,الملحق العسكري الكويتي في بلجيكا,هو الملحق العسكري الكويتي في بلجيكا,<bor> سعد الحريتي <per> الملحق العسكري الكويتي في بلجيكا <concept> position held <rt> هو الملحق العسكري الكويتي في بلجيكا <e>,train,</s>ar_AR<bor> سعد الحريتي<per> الكويتي<loc> country of citizenship<rt> الملحق العسكري الكويتي<e></s><pad><pad><pad><pad><pad><pad><pad><pad><pad><pad><pad><pad><pad><pad><pad><pad><pad><pad><pad><pad><pad><pad><pad><pad><pad><pad><pad><pad><pad><pad><pad><pad><pad><pad><pad><pad><pad><pad><pad><pad><pad><pad><pad><pad><pad><pad><pad><pad><pad><pad><pad><pad><pad><pad><pad><pad><pad><pad><pad><pad><pad><pad><pad><pad><pad><pad><pad><pad><pad><pad><pad><pad><pad><pad><pad><pad><pad><pad><pad><pad><pad><pad><pad><pad><pad><pad><pad><pad><pad><pad><pad><pad><pad><pad><pad><pad><pad><pad><pad><pad><pad><pad><pad><pad><pad><pad><pad><pad><pad><pad><pad><pad><pad><pad><pad><pad><pad><pad><pad><pad><pad><pad><pad><pad><pad><pad><pad><pad><pad><pad><pad><pad><pad><pad><pad><pad><pad><pad>
93,طلال مبارك العيار سياسي.,طلال مبارك العيار,position_held,سياسي,سياسي,<bor> طلال مبارك العيار <per> سياسي <concept> position held <rt> سياسي <e>,train,</s>ar_AR<bor> طلال مبارك العيار<per> سياسي<concept> occupation<rt> سياسي<e></s><pad><pad><pad><pad><pad><pad>
94,فهد صالح ناصر محمد الخنه هو سياسي كويتي.,فهد صالح ناصر محمد الخنه,position_held,سياسي كويتي,هو سياسي كويتي,<bor> فهد صالح ناصر محمد الخنه <per> سياسي كويتي <concept> position held <rt> هو سياسي كويتي <e>,train,</s>ar_AR<bor> فهد صالح ناصر محمد الخنه<per> كويتي<loc> country of citizenship<rt> هو سياسي<e></s>
95,مبارك بنيه خلف حمدان العرف سياسي.,مبارك بنيه خلف حمدان العرف,position_held,سياسي,سياسي,<bor> مبارك بنيه خلف حمدان العرف <per> سياسي <concept> position held <rt> سياسي <e>,train,</s>ar_AR<bor> مبارك بنيه خلف حمدان العرف<per> سياسي<concept> occupation<rt> سياسي<e></s><pad><pad><pad>
96,وليد خالد فهد الجري نايب سابق في مجلس الامه.,وليد خالد فهد الجري,position_held,نايب سابق في مجلس الامه,نايب سابق في مجلس الامه,<bor> وليد خالد فهد الجري <per> نايب سابق في مجلس الامه <concept> position held <rt> نايب سابق في مجلس الامه <e>,test,</s>ar_AR<bor> وليد خالد فهد الجري<per> نايب<concept> occupation<rt> نايب سابق<e></s><pad>
97,عبدالله عبدالرحمن عبدالله الطويل وزير الصحه.,عبدالله عبدالرحمن عبدالله الطويل,position_held,وزير الصحه,وزير الصحه,<bor> عبدالله عبدالرحمن عبدالله الطويل <per> وزير الصحه <concept> position held <rt> وزير الصحه <e>,train,</s>ar_AR<bor> عبدالله عبدالرحمن عبدالله الطويل<per> وزير الصحه<concept> position held<rt> وزير الصحه<e></s>
98,محمد خلف دهش المهمل سياسي.,محمد خلف دهش المهمل,position_held,سياسي,سياسي,<bor> محمد خلف دهش المهمل <per> سياسي <concept> position held <rt> سياسي <e>,train,</s>ar_AR<bor> محمد خلف دهش<per> سياسي<concept> occupation<rt> المهمل سياسي<e></s><pad><pad>
99,مريم العلي المعاضيد نائب رئيس للبحث والدراسات العليا في جامعة قطر.,مريم العلي المعاضيد,position_held,نائب رئيس للبحث والدراسات العليا في جامعة قطر,نائب رئيس للبحث والدراسات العليا في جامعة قطر,<bor> مريم العلي المعاضيد <per> نائب رئيس للبحث والدراسات العليا في جامعة قطر <concept> position held <rt> نائب رئيس للبحث والدراسات العليا في جامعة قطر <e>,train,</s>ar_AR<bor> مريم العلي المعاضيد<per> جامعة قطر<org> employer<rt> في<e></s><pad><pad>
100,عيسى عبد الله محمد بهمن سياسي.,عيسى عبد الله محمد بهمن,position_held,سياسي,سياسي,<bor> عيسى عبد الله محمد بهمن <per> سياسي <concept> position held <rt> سياسي <e>,test,</s>ar_AR<bor> عبد الله محمد بهمن<per> سياسي<concept> occupation<rt> سياسي<e></s><pad><pad><pad><pad>
101,عميد محمد طنا طواري صحفان العنزي مدير عام الاداره العامه لهندسه الاتصالات.,محمد طنا طواري صحفان العنزي,position_held,مدير عام الاداره العامه لهندسه الاتصالات,مدير عام الاداره العامه لهندسه الاتصالات,<bor> محمد طنا طواري صحفان العنزي <per> مدير عام الاداره العامه لهندسه الاتصالات <concept> position held <rt> مدير عام الاداره العامه لهندسه الاتصالات <e>,train,</s>ar_AR<bor> محمد طنا طواري صحفان العنزي مدير عام الاداره العامه لهندسه الاتصالات.</s><pad><pad><pad><pad><pad><pad><pad><pad><pad><pad><pad><pad><pad><pad><pad><pad><pad><pad><pad><pad><pad><pad><pad><pad><pad><pad><pad><pad><pad><pad><pad>
102,فاز سلطان جدعان عواد مذود (اللغيصم) الشمري في انتخابات مجلس الأمة 2013.,سلطان جدعان عواد مذود (اللغيصم) الشمري,position_held,عضو مجلس الأمة,فاز في انتخابات مجلس الأمة,<bor> سلطان جدعان عواد مذود (اللغيصم) الشمري <per> عضو مجلس الأمة <concept> position held <rt> فاز في انتخابات مجلس الأمة <e>,train,</s>ar_AR<bor> سلطان جدعان عواد مذود (اللغيصم)<per> الشمري<org> member of political party<rt> الشمري في<e><bor> انتخابات مجلس الأمة 2013<concept> سلطان جدعان عواد مذود (اللغيصم)<per> participant<rt> none<e></s>
103,محمد الودعاني قاضي محكمة بقعاء.,محمد الودعاني,position_held,قاضي محكمة بقعاء,قاضي محكمة بقعاء,<bor> محمد الودعاني <per> قاضي محكمة بقعاء <concept> position held <rt> قاضي محكمة بقعاء <e>,train,</s>ar_AR<bor> محمد الودعاني<per> قاضي<concept> occupation<rt> قاضي<e></s><pad><pad><pad><pad><pad><pad><pad><pad><pad><pad><pad><pad><pad><pad><pad><pad><pad><pad><pad><pad><pad><pad><pad><pad><pad><pad><pad><pad><pad><pad><pad><pad><pad><pad><pad><pad><pad><pad><pad><pad><pad>
104,بدر سيار عيد عفاس الشمري سياسي.,بدر سيار عيد عفاس الشمري,position_held,سياسي,سياسي,<bor> بدر سيار عيد عفاس الشمري <per> سياسي <concept> position held <rt> سياسي <e>,validation,</s>ar_AR<bor> بدر سيار عيد عفاس الشمري<per> سياسي<concept> occupation<rt> سياسي<e></s><pad><pad><pad><pad><pad><pad><pad><pad><pad><pad><pad><pad><pad><pad><pad><pad><pad><pad><pad><pad><pad><pad><pad><pad><pad><pad><pad><pad><pad><pad><pad><pad><pad><pad><pad><pad>
105,فيصل سعود صالح الدويسان سياسي.,فيصل سعود صالح الدويسان,position_held,سياسي,سياسي,<bor> فيصل سعود صالح الدويسان <per> سياسي <concept> position held <rt> سياسي <e>,train,</s>ar_AR<bor> فيصل سعود صالح الدويسان<per> سياسي<concept> occupation<rt> سياسي<e></s><pad><pad><pad><pad><pad><pad>
106,شريدة عبدالله سعد المعوشرجي نائب رئيس مجلس الوزراء ووزير دولة لشؤون مجلس الوزراء.,شريدة عبدالله سعد المعوشرجي,position_held,نائب رئيس مجلس الوزراء,شريدة عبدالله سعد المعوشرجي نائب رئيس مجلس الوزراء,<bor> شريدة عبدالله سعد المعوشرجي <per> نائب رئيس مجلس الوزراء <concept> position held <rt> شريدة عبدالله سعد المعوشرجي نائب رئيس مجلس الوزراء <e>,train,</s>ar_AR<bor> عبدالله سعد المعوشرجي<per> نائب رئيس مجلس الوزراء<per> position held<rt> نائب رئيس مجلس الوزراء<e></s>
107,مطلق مزيد مطلق المسعود سياسي.,مطلق مزيد مطلق المسعود,position_held,سياسي,سياسي,<bor> مطلق مزيد مطلق المسعود <per> سياسي <concept> position held <rt> سياسي <e>,train,</s>ar_AR<bor> مزيد مطلق المسعود<per> سياسي<concept> occupation<rt> سياسي<e></s><pad><pad><pad><pad><pad><pad><pad><pad>
108,النائب محمد عبدالله خالد عبدالرحمن العبدالجادر.,محمد عبدالله خالد عبدالرحمن العبدالجادر,position_held,النائب,النائب,<bor> محمد عبدالله خالد عبدالرحمن العبدالجادر <per> النائب <concept> position held <rt> النائب <e>,train,</s>ar_AR<bor> محمد عبدالله خالد عبدالرحمن العبدالجادر<per> النائب<concept> occupation<rt> النائب<e></s><pad><pad><pad>
109,صدر مرسوم يقضي بتعيين نوره سليمان سالم الفصام وزيره للماليه.,نوره سليمان سالم الفصام,position_held,وزيره للماليه,بتعيين نوره سليمان سالم الفصام وزيره للماليه,<bor> نوره سليمان سالم الفصام <per> وزيره للماليه <concept> position held <rt> بتعيين نوره سليمان سالم الفصام وزيره للماليه <e>,train,</s>ar_AR<bor> نوره سليمان سالم الفصام<per> وزيره للماليه<loc> position held<rt> يقضي بتعيين<e><bor> وزيره للماليه<loc> نوره سليمان سالم الفصام<per> chairperson<rt> none<e></s>
110,يشغل النايب محمد عبدالفتاح ادم منصب امين عام حزب مستقبل وطن بمحافظه قنا.,النايب محمد عبدالفتاح ادم,position_held,امين عام حزب مستقبل وطن بمحافظه قنا,يشغل منصب امين عام حزب مستقبل وطن بمحافظه قنا,<bor> النايب محمد عبدالفتاح ادم <per> امين عام حزب مستقبل وطن بمحافظه قنا <concept> position held <rt> يشغل منصب امين عام حزب مستقبل وطن بمحافظه قنا <e>,train,</s>ar_AR<bor> محمد عبدالفتاح ادم<per> حزب مستقبل وطن بمحافظه قنا<org> member of political party<rt> امين عام<e></s><pad><pad><pad><pad><pad><pad><pad><pad><pad><pad><pad><pad><pad><pad><pad><pad><pad><pad><pad>
111,عواطف العازمي مديراً للقسم النسائي بالبلدية.,عواطف العازمي,position_held,مديراً للقسم النسائي بالبلدية,مديراً للقسم النسائي بالبلدية,<bor> عواطف العازمي <per> مديراً للقسم النسائي بالبلدية <concept> position held <rt> مديراً للقسم النسائي بالبلدية <e>,train,</s>ar_AR<bor> عواطف العازمي<per> بلدية<loc> place of birth<rt> none<e></s><pad><pad><pad><pad><pad><pad><pad><pad><pad><pad><pad><pad><pad><pad><pad><pad><pad><pad><pad><pad><pad><pad><pad><pad><pad><pad>
112,براك ناصر فلاح النون ابو حقطه سياسي.,براك ناصر فلاح النون ابو حقطه,position_held,سياسي,سياسي,<bor> براك ناصر فلاح النون ابو حقطه <per> سياسي <concept> position held <rt> سياسي <e>,test,</s>ar_AR<bor> براك ناصر فلاح النون<per> سياسي<concept> occupation<rt> سياسي<e></s><pad><pad><pad><pad><pad><pad><pad><pad><pad><pad><pad><pad><pad><pad><pad><pad><pad><pad><pad><pad><pad><pad><pad><pad><pad><pad><pad><pad>
113,حامد محمد العازمي وزير التربية.,حامد محمد العازمي,position_held,وزير التربية,وزير التربية,<bor> حامد محمد العازمي <per> وزير التربية <concept> position held <rt> وزير التربية <e>,train,</s><bor> حامد محمد العازمي<per> وزير التربية<per> position held<rt> وزير التربية<e></s><pad><pad><pad><pad><pad><pad><pad><pad><pad><pad><pad><pad><pad><pad><pad><pad><pad><pad><pad><pad><pad><pad><pad><pad><pad><pad><pad><pad><pad><pad><pad><pad><pad><pad><pad><pad><pad><pad><pad><pad><pad><pad><pad><pad><pad><pad><pad><pad><pad><pad><pad><pad><pad><pad><pad><pad><pad><pad><pad><pad><pad><pad><pad><pad><pad><pad><pad><pad><pad><pad><pad><pad><pad><pad><pad><pad><pad><pad><pad><pad><pad><pad><pad><pad><pad><pad><pad><pad><pad><pad><pad><pad><pad><pad><pad><pad><pad><pad><pad><pad><pad><pad><pad><pad><pad><pad><pad><pad><pad><pad><pad><pad><pad><pad><pad><pad><pad><pad><pad><pad><pad><pad><pad><pad><pad><pad><pad><pad><pad><pad><pad><pad><pad><pad><pad><pad><pad><pad><pad><pad><pad><pad>
114,حسين مزيد عويس هادي الديحاني نائب رئيس المجلس البلدي.,حسين مزيد عويس هادي الديحاني,position_held,نائب رئيس المجلس البلدي,نائب رئيس المجلس البلدي,<bor> حسين مزيد عويس هادي الديحاني <per> نائب رئيس المجلس البلدي <concept> position held <rt> نائب رئيس المجلس البلدي <e>,train,</s>ar_AR<bor> مزيد عويس هادي الديحاني<per> occupant<rt> نائب رئيس المجلس البلدي<e></s><pad><pad><pad><pad><pad><pad><pad><pad><pad><pad><pad><pad><pad><pad><pad><pad><pad><pad><pad><pad><pad><pad><pad><pad><pad><pad><pad><pad><pad><pad><pad><pad><pad><pad><pad><pad><pad><pad><pad><pad><pad><pad><pad><pad><pad><pad><pad><pad><pad><pad><pad><pad><pad><pad><pad><pad><pad><pad><pad><pad><pad><pad><pad><pad><pad><pad><pad><pad><pad><pad><pad><pad><pad><pad><pad><pad><pad><pad><pad><pad><pad><pad><pad><pad><pad><pad><pad><pad><pad><pad><pad><pad><pad><pad><pad><pad><pad><pad><pad><pad><pad><pad><pad><pad><pad><pad><pad><pad><pad><pad><pad><pad><pad><pad><pad><pad><pad><pad><pad><pad><pad><pad><pad><pad><pad><pad><pad><pad><pad><pad><pad><pad><pad><pad><pad><pad><pad>
115,حسين مزيد الديحاني عضو مجلس الأمة.,حسين مزيد عويس هادي الديحاني,position_held,عضو مجلس الأمة,عضو مجلس الأمة,<bor> حسين مزيد عويس هادي الديحاني <per> عضو مجلس الأمة <concept> position held <rt> عضو مجلس الأمة <e>,train,</s>ar_AR<pad><pad><pad><pad><pad><pad><pad><pad><pad><pad><pad><pad><pad><pad><pad><pad><pad><pad><pad><pad><pad><pad><pad><pad><pad><pad><pad><pad><pad><pad><pad><pad><pad><pad><pad><pad><pad><pad><pad><pad><pad><pad><pad><pad><pad><pad><pad><pad><pad><pad><pad><pad><pad><pad><pad><pad><pad><pad><pad><pad><pad><pad><pad><pad><pad><pad><pad><pad><pad><pad><pad><pad><pad><pad><pad><pad><pad><pad><pad><pad><pad><pad><pad><pad><pad><pad><pad><pad><pad><pad><pad><pad><pad><pad><pad><pad><pad><pad><pad><pad><pad><pad><pad><pad><pad><pad><pad><pad><pad><pad><pad><pad><pad><pad><pad><pad><pad><pad><pad><pad><pad><pad><pad><pad><pad><pad><pad><pad><pad><pad><pad><pad><pad><pad><pad><pad><pad><pad><pad><pad><pad><pad><pad><pad><pad><pad><pad><pad><pad><pad><pad><pad><pad><pad><pad><pad><pad></s>
116,اعتمد مشروع مرسوم تعيين الدكتوره شفيقه العوضي مديرا عاما للهييه بدرجه وكيل وزاره.,شفيقه العوضي,position_held,مديرا عاما للهييه بدرجه وكيل وزاره,تعيين الدكتوره شفيقه العوضي مديرا عاما للهييه بدرجه وكيل وزاره,<bor> شفيقه العوضي <per> مديرا عاما للهييه بدرجه وكيل وزاره <concept> position held <rt> تعيين الدكتوره شفيقه العوضي مديرا عاما للهييه بدرجه وكيل وزاره <e>,train,</s>ar_AR<bor> شفيقه العوضي<per> الدكتوره<concept> occupation<rt> تعيين الدكتوره<e></s><pad><pad><pad><pad><pad><pad><pad><pad><pad><pad><pad><pad><pad><pad><pad><pad><pad><pad><pad><pad><pad><pad><pad><pad><pad><pad><pad><pad><pad><pad><pad><pad><pad><pad><pad><pad><pad><pad><pad><pad><pad><pad><pad><pad><pad><pad><pad><pad><pad><pad><pad><pad><pad><pad><pad><pad><pad><pad><pad><pad><pad><pad><pad><pad><pad><pad><pad><pad><pad><pad><pad><pad><pad><pad><pad><pad><pad><pad><pad><pad><pad><pad><pad><pad><pad><pad><pad><pad><pad><pad><pad><pad><pad><pad><pad><pad><pad><pad><pad><pad><pad><pad><pad><pad><pad><pad><pad><pad><pad><pad><pad><pad><pad><pad><pad><pad><pad><pad><pad><pad><pad><pad><pad><pad><pad><pad><pad><pad><pad><pad><pad><pad><pad><pad><pad><pad><pad><pad>
117,تركي محمد فلاح فالح المجليه العازمي سياسي.,تركي محمد فلاح فالح المجليه العازمي,position_held,سياسي,سياسي,<bor> تركي محمد فلاح فالح المجليه العازمي <per> سياسي <concept> position held <rt> سياسي <e>,test,</s>ar_AR<bor> تركي محمد فلاح فالح المجليه العازمي<per> سياسي<concept> occupation<rt> سياسي<e></s><pad><pad>
118,أشرف الوزير عبدالله الهاجري على تشكيل فرق لمتابعة فواتير القياديين في الدولة.,عبدالله الهاجري,position_held,الوزير,الوزير عبدالله الهاجري,<bor> عبدالله الهاجري <per> الوزير <concept> position held <rt> الوزير عبدالله الهاجري <e>,train,</s>ar_AR<bor> عبدالله الهاجري<per> وزير<concept> position held<rt> أشرف الوزير<e></s><pad><pad><pad><pad><pad><pad><pad><pad>
119,سالم مثيب الاذينه العازمي وزير كويتي سابق.,سالم مثيب الاذينه العازمي,position_held,وزير كويتي سابق,وزير كويتي سابق,<bor> سالم مثيب الاذينه العازمي <per> وزير كويتي سابق <concept> position held <rt> وزير كويتي سابق <e>,validation,</s>ar_AR<bor> سالم مثيب الاذينه العازمي<per> كويتي<loc> country of citizenship<rt> وزير كويتي<e></s>
120,شغل سالم مثيب أحمد مثيب الأذينة منصب رئيس الهيئة العامة للاتصالات وتقنية المعلومات بدرجة وزير.,سالم مثيب أحمد مثيب الأذينة,position_held,رئيس الهيئة العامة للاتصالات وتقنية المعلومات بدرجة وزير,شغل منصب رئيس الهيئة العامة للاتصالات وتقنية المعلومات بدرجة وزير,<bor> سالم مثيب أحمد مثيب الأذينة <per> رئيس الهيئة العامة للاتصالات وتقنية المعلومات بدرجة وزير <concept> position held <rt> شغل منصب رئيس الهيئة العامة للاتصالات وتقنية المعلومات بدرجة وزير <e>,test,</s>ar_AR<bor> سالم مثيب أحمد مثيب الأذينة<per> وزير<concept> position held<rt> بدرجة وزير<e></s><pad><pad><pad>
121,صالح عبد الوهاب حسين الرومي سياسي.,صالح عبد الوهاب حسين الرومي,position_held,سياسي,سياسي,<bor> صالح عبد الوهاب حسين الرومي <per> سياسي <concept> position held <rt> سياسي <e>,train,</s><bor> صالح عبد الوهاب حسين الرومي<per> سياسي<concept> occupation<rt> سياسي<e></s><pad><pad><pad><pad><pad><pad>
122,فيصل عبدالرحمن مدلج محمد المدلج وزير الدولة لشؤون مجلس الوزراء.,فيصل عبدالرحمن مدلج محمد المدلج,position_held,وزير الدولة لشؤون مجلس الوزراء,وزير الدولة لشؤون مجلس الوزراء,<bor> فيصل عبدالرحمن مدلج محمد المدلج <per> وزير الدولة لشؤون مجلس الوزراء <concept> position held <rt> وزير الدولة لشؤون مجلس الوزراء <e>,train,</s>ar_AR<bor> عبدالرحمن مدلج<per> عبدالرحمن مدلج<per> child<rt> none<e></s><pad><pad><pad><pad><pad><pad><pad><pad>
123,عباس حسين شعبان الخضاري سياسي.,عباس حسين شعبان الخضاري,position_held,سياسي,سياسي,<bor> عباس حسين شعبان الخضاري <per> سياسي <concept> position held <rt> سياسي <e>,validation,</s>ar_AR<bor> عباس حسين شعبان الخضاري<per> سياسي<concept> occupation<rt> سياسي<e></s><pad><pad><pad><pad><pad><pad>
124,نوره العجمي وكيل وزاره التجاره المساعد للاعمال الرقابيه.,نوره العجمي,position_held,وكيل وزاره التجاره المساعد للاعمال الرقابيه,وكيل وزاره التجاره المساعد للاعمال الرقابيه,<bor> نوره العجمي <per> وكيل وزاره التجاره المساعد للاعمال الرقابيه <concept> position held <rt> وكيل وزاره التجاره المساعد للاعمال الرقابيه <e>,train,</s>ar_AR<bor> نوره العجمي وكيل وزاره التجاره المساعد للاعمال الرقابيه.<e></s>
125,في مجلس الامه 2020، اشترك محمد المطير بتقديم استجواب لرئيس مجلس الوزراء.,محمد المطير,position_held,عضو مجلس الأمة,في مجلس الامه 2020، اشترك محمد المطير بتقديم استجواب,<bor> محمد المطير <per> عضو مجلس الأمة <concept> position held <rt> في مجلس الامه 2020، اشترك محمد المطير بتقديم استجواب <e>,train,</s>ar_AR<bor> محمد المطير<per> مجلس الامه<loc> position held<rt> اشترك<e></s><pad><pad><pad><pad><pad><pad><pad><pad><pad><pad><pad><pad><pad><pad><pad><pad><pad><pad>
126,حمد خليفه الحميده العازمي سياسي.,حمد خليفه الحميده العازمي,position_held,سياسي,سياسي,<bor> حمد خليفه الحميده العازمي <per> سياسي <concept> position held <rt> سياسي <e>,validation,</s>ar_AR<bor> حميده العازمي<per> سياسي<concept> occupation<rt> سياسي<e></s><pad><pad><pad><pad><pad><pad><pad><pad><pad><pad><pad><pad><pad><pad><pad><pad><pad><pad><pad>
127,فيصل جاسم عبدالله القضيبي سياسي.,فيصل جاسم عبدالله القضيبي,position_held,سياسي,سياسي,<bor> فيصل جاسم عبدالله القضيبي <per> سياسي <concept> position held <rt> سياسي <e>,train,</s>ar_AR<bor> عبدالله القضيبي<per> سياسي<concept> occupation<rt> سياسي<e></s><pad><pad><pad><pad><pad><pad><pad><pad><pad><pad><pad><pad><pad><pad><pad><pad><pad><pad><pad><pad>
128,أكد العميد ايمن احمد عثمان لسودان تربيون أن ولايات الخرطوم والنيل الأبيض والجزيرة الآن خالية من مليشيات الدعم السريع.,ايمن احمد عثمان,position_held,العميد,العميد ايمن احمد عثمان,<bor> ايمن احمد عثمان <per> العميد <concept> position held <rt> العميد ايمن احمد عثمان <e>,train,</s>ar_AR<bor> الجزائرية<loc> السودان<loc> country<rt> none<e><bor> الخرطوم<loc> السودان<loc> country<rt> none<e><bor> النيل الأبيض<loc> السودان<loc> country<rt> none<e></s>
129,جاسم اسماعيل جمعه نائب في مجلس الأمة الكويتي.,جاسم اسماعيل جمعه,position_held,نائب في مجلس الأمة الكويتي,نائب في مجلس الأمة الكويتي,<bor> جاسم اسماعيل جمعه <per> نائب في مجلس الأمة الكويتي <concept> position held <rt> نائب في مجلس الأمة الكويتي <e>,train,</s>ar_AR<bor> جاسم اسماعيل<per> الكويتي<loc> country of citizenship<rt> الكويتي<e><bor> مجلس الأمة الكويتي<media> الكويتي<loc> country<rt> مجلس الأمة الكويتي<e></s>
130,راشد سيف الحجيلان سياسي.,راشد سيف الحجيلان,position_held,سياسي,سياسي,<bor> راشد سيف الحجيلان <per> سياسي <concept> position held <rt> سياسي <e>,train,</s>ar_AR<bor> راشد سيف الحجيلان<per> سياسي<concept> occupation<rt> سياسي<e></s><pad><pad><pad><pad><pad><pad><pad><pad><pad><pad><pad><pad><pad><pad><pad><pad><pad>
131,عبدالعزيز بودستور هو مدير المصنفات الفنية.,عبدالعزيز بودستور,position_held,مدير المصنفات الفنيه,هو مدير المصنفات الفنية,<bor> عبدالعزيز بودستور <per> مدير المصنفات الفنيه <concept> position held <rt> هو مدير المصنفات الفنية <e>,train,</s>ar_AR<bor> عبدالعزيز بودستور<per> المصنفات الفنية<concept> occupation<rt> هو مدير<e></s><pad><pad><pad><pad><pad><pad><pad><pad><pad><pad><pad><pad><pad><pad><pad><pad>
132,عسكر عويد عسكر بقان العنزي نائب سابق.,عسكر عويد عسكر بقان العنزي,position_held,نائب سابق,نائب سابق,<bor> عسكر عويد عسكر بقان العنزي <per> نائب سابق <concept> position held <rt> نائب سابق <e>,train,</s>ar_AR<bor> عسكر عويد<per> العنزي<loc> country of citizenship<rt> العنزي<e></s><pad><pad><pad><pad><pad><pad><pad><pad><pad><pad><pad><pad><pad><pad><pad>
133,فارس سعد عيد عبد الله العتيبي سياسي.,فارس سعد عيد عبد الله العتيبي,position_held,سياسي,سياسي,<bor> فارس سعد عيد عبد الله العتيبي <per> سياسي <concept> position held <rt> سياسي <e>,train,</s>ar_AR<bor> سعد عيد عبد الله العتيبي<per> سياسي<concept> occupation<rt> سياسي<e></s>
134,عبدالرزاق مشاري العدواني وزير.,عبدالرزاق مشاري العدواني,position_held,وزير,وزير,<bor> عبدالرزاق مشاري العدواني <per> وزير <concept> position held <rt> وزير <e>,validation,</s>ar_AR<bor> عبدالرزاق مشاري العدواني<per> وزير<concept> position held<rt> وزير<e></s>
135,احمد الطخيم سياسي.,احمد الطخيم,position_held,سياسي,سياسي,<bor> احمد الطخيم <per> سياسي <concept> position held <rt> سياسي <e>,train,</s>ar_AR<bor> احمد الطخيم<per> سياسي<concept> occupation<rt> سياسي<e></s><pad><pad><pad>
136,سلطان سلمان سلطان العجمي سياسي.,سلطان سلمان سلطان العجمي,position_held,سياسي,سياسي,<bor> سلطان سلمان سلطان العجمي <per> سياسي <concept> position held <rt> سياسي <e>,train,</s>ar_AR<bor> سلطان سلمان سلطان العجمي<per> سياسي<concept> occupation<rt> سياسي<e></s><pad>
137,تقلد مزعل محمد هادي محمد النمران منصب رئيس قسم الفحص الفني لمحافظة حولي.,مزعل محمد هادي محمد النمران,position_held,رئيس قسم الفحص الفني لمحافظة حولي,تقلد منصب رئيس قسم الفحص الفني لمحافظة حولي,<bor> مزعل محمد هادي محمد النمران <per> رئيس قسم الفحص الفني لمحافظة حولي <concept> position held <rt> تقلد منصب رئيس قسم الفحص الفني لمحافظة حولي <e>,validation,</s>ar_AR<bor> محمد هادي محمد النمران<per> محافظة حولي<loc> located in the administrative territorial entity<rt> none<e></s><pad><pad><pad><pad><pad><pad><pad>
138,محمد مروي الهديه نائب في مجلس الأمة.,محمد مروي الهديه,position_held,نائب في مجلس الأمة,نائب في مجلس الأمة,<bor> محمد مروي الهديه <per> نائب في مجلس الأمة <concept> position held <rt> نائب في مجلس الأمة <e>,train,</s>ar_AR<bor> محمد مروي الهديه<per> مجلس الأمة<media> position held<rt> نائب في<e></s><pad><pad><pad><pad><pad><pad><pad><pad><pad><pad><pad><pad><pad><pad>
139,سعود نشمي عواد معلج الحريجي سياسي.,سعود نشمي عواد معلج الحريجي,position_held,سياسي,سياسي,<bor> سعود نشمي عواد معلج الحريجي <per> سياسي <concept> position held <rt> سياسي <e>,train,</s>ar_AR<bor> سعود نشمي عواد معلج الحريجي<per> سياسي<concept> occupation<rt> سياسي<e></s><pad><pad><pad><pad><pad><pad><pad><pad><pad><pad><pad>
140,الشيخ حمد جابر العلي الصباح هو نائب رئيس مجلس الوزراء ووزير الدفاع.,الشيخ حمد جابر العلي الصباح,position_held,نائب رئيس مجلس الوزراء ووزير الدفاع,هو نائب رئيس مجلس الوزراء ووزير الدفاع,<bor> الشيخ حمد جابر العلي الصباح <per> نائب رئيس مجلس الوزراء ووزير الدفاع <concept> position held <rt> هو نائب رئيس مجلس الوزراء ووزير الدفاع <e>,train,</s>ar_AR<bor> حمد جابر العلي الصباح<per> مجلس الوزراء<org> position held<rt> هو<e><bor> ووزير الدفاع<org> مجلس الوزراء<org> instance of<rt> none<e></s>
141,مبارك براك سالم حطاب الهيفي من الاسلاميون المستقلون.,مبارك براك سالم حطاب الهيفي,position_held,الاسلاميون المستقلون,من الاسلاميون المستقلون,<bor> مبارك براك سالم حطاب الهيفي <per> الاسلاميون المستقلون <concept> position held <rt> من الاسلاميون المستقلون <e>,train,</s>ar_AR<bor> مبارك براك سالم حطاب الهيفي<unk> member of sports team<rt> من<e></s><pad><pad><pad><pad><pad><pad><pad><pad><pad><pad><pad><pad><pad><pad><pad><pad><pad><pad><pad><pad><pad><pad><pad><pad><pad><pad><pad><pad><pad><pad><pad><pad><pad><pad><pad><pad><pad><pad><pad><pad><pad><pad><pad><pad><pad><pad><pad><pad><pad><pad><pad><pad><pad><pad><pad><pad><pad><pad><pad><pad><pad><pad><pad><pad><pad><pad><pad><pad><pad><pad><pad><pad><pad><pad><pad><pad><pad><pad><pad><pad><pad><pad><pad><pad><pad><pad><pad><pad><pad><pad><pad><pad><pad><pad><pad><pad><pad><pad><pad><pad><pad><pad><pad><pad><pad><pad><pad><pad><pad><pad><pad><pad><pad><pad><pad><pad><pad><pad><pad><pad><pad><pad><pad><pad><pad><pad><pad><pad><pad><pad><pad><pad><pad><pad><pad><pad><pad><pad><pad>
142,عبدالعزيز الفودري هو امر قاعدة احمد الجابر الجوية العقيد الركن طيار.,عبدالعزيز الفودري,position_held,امر قاعدة احمد الجابر الجوية العقيد الركن طيار,هو امر قاعدة احمد الجابر الجوية العقيد الركن طيار,<bor> عبدالعزيز الفودري <per> امر قاعدة احمد الجابر الجوية العقيد الركن طيار <concept> position held <rt> هو امر قاعدة احمد الجابر الجوية العقيد الركن طيار <e>,validation,</s>ar_AR<bor> عبدالعزيز الفودري<per> قاعدة احمد الجابر الجوية<org> military branch<rt> هو امر<e></s><pad><pad><pad><pad><pad><pad><pad><pad><pad><pad><pad><pad><pad><pad><pad><pad><pad><pad><pad><pad><pad><pad><pad><pad><pad><pad><pad><pad><pad><pad><pad><pad><pad><pad><pad><pad><pad><pad><pad><pad><pad><pad><pad><pad><pad><pad><pad><pad><pad><pad><pad><pad><pad><pad><pad><pad><pad><pad><pad><pad><pad><pad><pad><pad><pad><pad><pad><pad><pad><pad><pad><pad><pad><pad><pad><pad><pad><pad><pad><pad><pad><pad><pad><pad><pad><pad><pad><pad><pad><pad><pad><pad><pad><pad><pad><pad><pad><pad><pad><pad><pad><pad><pad><pad><pad><pad><pad><pad><pad><pad><pad><pad><pad><pad><pad><pad><pad><pad><pad><pad><pad><pad><pad><pad><pad><pad><pad><pad><pad><pad><pad><pad><pad><pad><pad><pad><pad><pad>
143,بخيت شبيب بخيت الرشيدي وزير النفط ووزير الكهرباء والماء.,بخيت شبيب بخيت الرشيدي,position_held,وزير النفط,وزير النفط,<bor> بخيت شبيب بخيت الرشيدي <per> وزير النفط <concept> position held <rt> وزير النفط <e>,train,</s>ar_AR<pad><pad><pad><pad><pad><pad><pad><pad><pad><pad><pad><pad><pad><pad><pad><pad><pad><pad><pad><pad><pad><pad><pad><pad><pad><pad><pad><pad><pad><pad><pad><pad><pad><pad><pad><pad><pad><pad><pad><pad><pad><pad><pad><pad><pad><pad><pad><pad><pad><pad><pad><pad><pad><pad><pad><pad><pad><pad><pad><pad><pad><pad><pad><pad><pad><pad><pad><pad><pad><pad><pad><pad><pad><pad><pad><pad><pad><pad><pad><pad><pad><pad><pad><pad><pad><pad><pad><pad><pad><pad><pad><pad><pad><pad><pad><pad><pad><pad><pad><pad><pad><pad><pad><pad><pad><pad><pad><pad><pad><pad><pad><pad><pad><pad><pad><pad><pad><pad><pad><pad><pad><pad><pad><pad><pad><pad><pad><pad><pad><pad><pad><pad><pad><pad><pad><pad><pad><pad><pad><pad><pad><pad><pad><pad><pad><pad><pad><pad><pad><pad><pad><pad><pad><pad><pad><pad><pad></s>
144,النايب عبدالله فالح رجعان راعي الفحماء.,عبدالله فالح رجعان راعي الفحماء,position_held,النايب,النايب عبدالله فالح رجعان راعي الفحماء,<bor> عبدالله فالح رجعان راعي الفحماء <per> النايب <concept> position held <rt> النايب عبدالله فالح رجعان راعي الفحماء <e>,train,</s>ar_AR<bor> النايب عبدالله فالح رجعان<per> الفحماء<loc> place of birth<rt> none<e></s><pad><pad><pad><pad><pad><pad><pad><pad><pad><pad><pad><pad><pad><pad><pad><pad><pad><pad><pad><pad><pad><pad><pad><pad><pad><pad><pad><pad><pad><pad><pad><pad><pad><pad><pad><pad><pad><pad><pad><pad><pad><pad><pad><pad><pad><pad><pad><pad><pad><pad><pad><pad><pad><pad><pad><pad><pad><pad><pad><pad><pad><pad><pad><pad><pad><pad><pad><pad><pad><pad><pad><pad><pad><pad><pad><pad><pad><pad><pad><pad><pad><pad><pad><pad><pad><pad><pad><pad><pad><pad><pad><pad><pad><pad><pad><pad><pad><pad><pad><pad><pad><pad><pad><pad><pad><pad><pad><pad><pad><pad><pad><pad><pad><pad><pad><pad><pad><pad><pad><pad><pad><pad><pad><pad><pad><pad><pad><pad><pad><pad><pad><pad><pad><pad><pad><pad><pad>
145,صياح شايع صياح ابو شيبه سياسي.,صياح شايع صياح ابو شيبه,position_held,سياسي,سياسي,<bor> صياح شايع صياح ابو شيبه <per> سياسي <concept> position held <rt> سياسي <e>,train,</s>ar_AR<bor> صياح شايع صياح ابو شيبه سياسي<e><bor> ابو شيبه<loc> صياح شايع صياح<e></s>
146,سعد زنيفر سعد علي العازمي سياسي.,سعد زنيفر سعد علي العازمي,position_held,سياسي,سياسي,<bor> سعد زنيفر سعد علي العازمي <per> سياسي <concept> position held <rt> سياسي <e>,train,</s>ar_AR<bor> سعد زنيفر سعد علي العازمي<per> سياسي<concept> occupation<rt> سياسي<e></s><pad><pad><pad><pad><pad><pad><pad><pad>
147,منال عبود أول سيدة تترشح لمنصب العمودية على مستوى محافظة المنوفية.,منال عبود,position_held,مرشحة لمنصب العمودية,تترشح لمنصب العمودية,<bor> منال عبود <per> مرشحة لمنصب العمودية <concept> position held <rt> تترشح لمنصب العمودية <e>,test,</s>ar_AR<bor> المنوفية<loc> محافظة المنوفية<loc> located in the administrative territorial entity<rt> على مستوى<e></s><pad><pad><pad><pad><pad>
148,عبد الرحمن سالم العتيقي وزير المالية.,عبد الرحمن سالم العتيقي,position_held,وزير المالية,وزير المالية,<bor> عبد الرحمن سالم العتيقي <per> وزير المالية <concept> position held <rt> وزير المالية <e>,validation,</s>ar_AR<bor> عبد الرحمن سالم العتيقي<per> وزير المالية<concept> position held<rt> وزير المالية<e></s><pad><pad><pad><pad><pad><pad><pad><pad><pad>
149,منيزل جاسر فجري العنزي سياسي.,منيزل جاسر فجري العنزي,position_held,سياسي,سياسي,<bor> منيزل جاسر فجري العنزي <per> سياسي <concept> position held <rt> سياسي <e>,validation,</s>ar_AR<bor> منيزل جاسر فجري<per> سياسي<concept> occupation<rt> سياسي<e></s><pad>
150,ناصر المطيري هو الأمين العام لحوار التعاون الآسيوي.,ناصر المطيري,position_held,الامين العام لحوار التعاون الاسيوي,هو الأمين العام لحوار التعاون الآسيوي,<bor> ناصر المطيري <per> الامين العام لحوار التعاون الاسيوي <concept> position held <rt> هو الأمين العام لحوار التعاون الآسيوي <e>,validation,</s>ar_AR<bor> ناصر المطيري<per> الأمين العام لحوار التعاون الآسيوي<per> position held<rt> هو<e></s>
151,راشد سالم العميري وزير النفط في دولة الكويت.,راشد سالم العميري,position_held,وزير النفط في دولة الكويت,وزير النفط في دولة الكويت,<bor> راشد سالم العميري <per> وزير النفط في دولة الكويت <concept> position held <rt> وزير النفط في دولة الكويت <e>,test,</s>ar_AR<bor> راشد سالم العميري<per> الكويت<loc> country of citizenship<rt> وزير النفط في<e></s>
152,الدكتور جاسم الاستاذ وزير الكهرباء والماء والطاقه المتجدده.,الدكتور جاسم الاستاذ,position_held,وزير الكهرباء والماء والطاقه المتجدده,وزير الكهرباء والماء والطاقه المتجدده,<bor> الدكتور جاسم الاستاذ <per> وزير الكهرباء والماء والطاقه المتجدده <concept> position held <rt> وزير الكهرباء والماء والطاقه المتجدده <e>,test,</s>ar_AR<bor> الكهرباء والماء والطاقه المتجدده.<e></s><pad><pad><pad><pad><pad>
153,سعاد الفضلي عميد كليه العلوم الطبيه المساعده.,سعاد الفضلي,position_held,عميد كليه العلوم الطبيه المساعده,عميد كليه العلوم الطبيه المساعده,<bor> سعاد الفضلي <per> عميد كليه العلوم الطبيه المساعده <concept> position held <rt> عميد كليه العلوم الطبيه المساعده <e>,test,</s>ar_AR<bor> سعاد الفضلي عميد كليه العلوم الطبيه المساعده<e></s><pad><pad>
154,محمد الحمد عمل ضابطا بالشرطة الكويتية.,محمد الحمد,position_held,ضابط بالشرطة الكويتية,عمل ضابطا بالشرطة الكويتية,<bor> محمد الحمد <per> ضابط بالشرطة الكويتية <concept> position held <rt> عمل ضابطا بالشرطة الكويتية <e>,train,</s>ar_AR<bor> محمد الحمد عمل ضابطا بالشرطة الكويتية<e></s><pad><pad><pad><pad><pad><pad><pad>
155,محمد عوض عبيد محمد سالم الرقيب المطيري سياسي كويتي.,محمد عوض عبيد محمد سالم الرقيب المطيري,position_held,سياسي كويتي,سياسي كويتي,<bor> محمد عوض عبيد محمد سالم الرقيب المطيري <per> سياسي كويتي <concept> position held <rt> سياسي كويتي <e>,train,</s>ar_AR<bor> محمد عوض عبيد<per> كويتي<loc> country of citizenship<rt> سياسي كويتي<e></s><pad><pad>
156,عُين الشيخ عبدالله علي عبدالله السالم الصباح وزيرا للدفاع.,الشيخ عبدالله علي عبدالله السالم الصباح,position_held,وزيرا للدفاع,عُين الشيخ عبدالله علي عبدالله السالم الصباح وزيرا للدفاع,<bor> الشيخ عبدالله علي عبدالله السالم الصباح <per> وزيرا للدفاع <concept> position held <rt> عُين الشيخ عبدالله علي عبدالله السالم الصباح وزيرا للدفاع <e>,train,</s>ar_AR<bor> عبدالله السالم الصباح<per> وزيرا للدفاع<org> position held<rt> وزيرا للدفاع<e></s>
157,طلال المطيري هو مندوب دولة الكويت الدائم لدى جامعة الدول العربية.,طلال المطيري,position_held,مندوب دولة الكويت الدائم لدى جامعة الدول العربية,هو مندوب دولة الكويت الدائم لدى جامعة الدول العربية,<bor> طلال المطيري <per> مندوب دولة الكويت الدائم لدى جامعة الدول العربية <concept> position held <rt> هو مندوب دولة الكويت الدائم لدى جامعة الدول العربية <e>,train,</s>ar_AR<bor> طلال المطيري<per> دولة الكويت<loc> country of citizenship<rt> هو مندوب<e><bor> دولة الكويت<loc> جامعة الدول العربية<concept> member of<rt> لدى<e></s>
158,ناصر عبدالعزيز حسن صرخوه عضو مجلس عام 1981 عن دائرة الرميثية.,ناصر عبدالعزيز حسن صرخوه,position_held,عضو مجلس عام 1981 عن دائرة الرميثية,عضو مجلس عام 1981 عن دائرة الرميثية,<bor> ناصر عبدالعزيز حسن صرخوه <per> عضو مجلس عام 1981 عن دائرة الرميثية <concept> position held <rt> عضو مجلس عام 1981 عن دائرة الرميثية <e>,train,</s>ar_AR<bor> 1981<time> 1981<date> point in time<rt> none<e></s><pad><pad><pad><pad><pad><pad><pad><pad><pad><pad><pad><pad><pad><pad><pad><pad><pad><pad><pad>
159,شغلت غدير محمد محمود غلوم رضا أسيري منصب وزيرة الشؤون الاجتماعية.,غدير محمد محمود غلوم رضا أسيري,position_held,وزيرة الشؤون الاجتماعية,شغلت منصب وزيرة الشؤون الاجتماعية,<bor> غدير محمد محمود غلوم رضا أسيري <per> وزيرة الشؤون الاجتماعية <concept> position held <rt> شغلت منصب وزيرة الشؤون الاجتماعية <e>,train,</s>ar_AR<bor> غدير محمد محمود غلوم رضا أسيري<per> وزيرة الشؤون الاجتماعية<org> position held<rt> منصب<e></s><pad><pad><pad><pad><pad><pad><pad><pad><pad><pad>
160,راشد سلمان محمد الهبيده العازمي عضو مجلس امه سابق.,راشد سلمان محمد الهبيده العازمي,position_held,عضو مجلس امه سابق,عضو مجلس امه سابق,<bor> راشد سلمان محمد الهبيده العازمي <per> عضو مجلس امه سابق <concept> position held <rt> عضو مجلس امه سابق <e>,train,</s>ar_AR<bor> راشد سلمان محمد الهبيده العازمي<per> مجلس امه<media> position held<rt> عضو<e></s><pad><pad><pad><pad><pad><pad><pad><pad><pad><pad><pad>
161,نورية صبيح براك الصبيح وزير التربيه ووزير التعليم العالي.,نوريه صبيح براك الصبيح,position_held,وزير التربيه,وزير التربيه,<bor> نوريه صبيح براك الصبيح <per> وزير التربيه <concept> position held <rt> وزير التربيه <e>,train,</s>ar_AR<bor> نورية صبيح<per> صبيح<concept> occupation<rt> براك الصبيح<e></s><pad><pad><pad><pad><pad><pad><pad><pad><pad><pad><pad><pad><pad><pad><pad><pad><pad><pad><pad><pad><pad><pad><pad><pad><pad><pad><pad><pad><pad><pad><pad><pad><pad>
162,عبدالعزيز عبدالوهاب العدساني نايب.,عبدالعزيز عبدالوهاب العدساني,position_held,نايب,نايب,<bor> عبدالعزيز عبدالوهاب العدساني <per> نايب <concept> position held <rt> نايب <e>,train,</s>ar_AR<bor> عبدالعزيز عبدالوهاب العدساني نايب<per> نايب<concept> occupation<rt> نايب<e></s><pad><pad><pad><pad><pad><pad><pad><pad><pad><pad><pad><pad><pad><pad><pad><pad><pad><pad><pad><pad><pad><pad><pad><pad><pad><pad><pad><pad><pad><pad><pad><pad><pad>
163,صدر مرسوم أميري بتعيين صبيح عبدالعزيز عبدالمحسن المخيزيم وزيراً للكهرباء والماء والطاقة المتجددة.,صبيح عبدالعزيز عبدالمحسن المخيزيم,position_held,وزير الكهرباء والماء والطاقه المتجدده,بتعيين صبيح عبدالعزيز عبدالمحسن المخيزيم وزيراً للكهرباء والماء والطاقة المتجددة,<bor> صبيح عبدالعزيز عبدالمحسن المخيزيم <per> وزير الكهرباء والماء والطاقه المتجدده <concept> position held <rt> بتعيين صبيح عبدالعزيز عبدالمحسن المخيزيم وزيراً للكهرباء والماء والطاقة المتجددة <e>,validation,</s>ar_AR<bor> عبدالعزيز عبدالمحسن المخيزيم<per> وزيراً للكهرباء والماء والطاقة المتجددة.<e><bor> صبيح عبدالعزيز عبدالمحسن المخيزيم<per> وزيراً للكهرباء والماء والطاقة المتجددة.<e></s>
164,النايب حسين قويعان محمد الشريف المطيري.,حسين قويعان محمد الشريف المطيري,position_held,النايب,النايب حسين قويعان محمد الشريف المطيري,<bor> حسين قويعان محمد الشريف المطيري <per> النايب <concept> position held <rt> النايب حسين قويعان محمد الشريف المطيري <e>,train,</s>ar_AR<bor> محمد الشريف المطيري<per> مطيري<concept> occupation<rt> none<e></s><pad><pad><pad><pad><pad><pad><pad><pad><pad><pad><pad><pad><pad><pad><pad><pad><pad><pad><pad><pad><pad><pad><pad><pad><pad><pad><pad><pad><pad><pad><pad><pad><pad><pad><pad><pad><pad><pad>
165,سعود ارشيد الرشيدي سياسي.,سعود ارشيد الرشيدي,position_held,سياسي,سياسي,<bor> سعود ارشيد الرشيدي <per> سياسي <concept> position held <rt> سياسي <e>,train,</s>ar_AR<bor> سعود ارشيد الرشيدي سياسي.<e></s><pad><pad><pad><pad><pad><pad><pad><pad><pad><pad><pad><pad><pad><pad>
166,ضاري عبدالله العثمان هو المستشار بديوان سمو ولي العهد.,ضاري عبدالله العثمان,position_held,المستشار بديوان سمو ولي العهد,هو المستشار بديوان سمو ولي العهد,<bor> ضاري عبدالله العثمان <per> المستشار بديوان سمو ولي العهد <concept> position held <rt> هو المستشار بديوان سمو ولي العهد <e>,train,</s>ar_AR<bor> ضاري عبدالله العثمان<per> سمو<loc> place of birth<rt> none<e></s><pad><pad><pad><pad><pad><pad><pad><pad>
167,مبارك عبدالله علي صنيدح العجمي رئيس عام لجان الانتخابات العامة لقبيلة العجمان.,مبارك عبدالله علي صنيدح العجمي,position_held,رئيس عام لجان الانتخابات العامة لقبيلة العجمان,رئيس عام لجان الانتخابات العامة لقبيلة العجمان,<bor> مبارك عبدالله علي صنيدح العجمي <per> رئيس عام لجان الانتخابات العامة لقبيلة العجمان <concept> position held <rt> رئيس عام لجان الانتخابات العامة لقبيلة العجمان <e>,test,</s>ar_AR<bor> عبدالله علي صنيدح العجمي<per> العجمي<concept> ethnic group<rt> العجمي<e></s>
168,النايب ضيف الله فضيل ضيف الله ابو رميه.,ضيف الله فضيل ضيف الله ابو رميه,position_held,النايب,النايب ضيف الله فضيل ضيف الله ابو رميه,<bor> ضيف الله فضيل ضيف الله ابو رميه <per> النايب <concept> position held <rt> النايب ضيف الله فضيل ضيف الله ابو رميه <e>,train,</s>ar_AR<bor> النايب ضيف الله فضيل ضيف الله ابو رميه<e></s><pad><pad><pad><pad><pad><pad><pad><pad>
169,مي جاسم محمد البغلي وزير دولة لشؤون المرأة والطفولة.,مي جاسم محمد البغلي,position_held,وزير دولة لشؤون المرأة والطفولة,وزير دولة لشؤون المرأة والطفولة,<bor> مي جاسم محمد البغلي <per> وزير دولة لشؤون المرأة والطفولة <concept> position held <rt> وزير دولة لشؤون المرأة والطفولة <e>,train,</s>ar_AR<bor> مي جاسم محمد البغلي<per> وزير دولة<per> position held<rt> وزير دولة<e></s>
170,مشعان مجبل عواد بطي العازمي نائب سابق في مجلس الأمة الكويتي.,مشعان مجبل عواد بطي العازمي,position_held,نائب سابق في مجلس الأمة الكويتي,نائب سابق في مجلس الأمة الكويتي,<bor> مشعان مجبل عواد بطي العازمي <per> نائب سابق في مجلس الأمة الكويتي <concept> position held <rt> نائب سابق في مجلس الأمة الكويتي <e>,train,</s>ar_AR<bor> مشعان مجبل<per> مجلس الأمة الكويتي<media> position held<rt> نائب سابق في<e></s>
171,محمد الجويهل نايب سابق في مجلس الامه الكويتي.,محمد الجويهل,position_held,نايب سابق في مجلس الامه الكويتي,نايب سابق في مجلس الامه الكويتي,<bor> محمد الجويهل <per> نايب سابق في مجلس الامه الكويتي <concept> position held <rt> نايب سابق في مجلس الامه الكويتي <e>,train,</s>ar_AR<bor> محمد الجويهل<per> الكويتي<loc> country of citizenship<rt> none<e></s><pad>
172,فهيد العجمي عضو المجلس البلدي.,فهيد العجمي,position_held,عضو المجلس البلدي,عضو المجلس البلدي,<bor> فهيد العجمي <per> عضو المجلس البلدي <concept> position held <rt> عضو المجلس البلدي <e>,train,</s>ar_AR<bor> فهيد العجمي<per> عضو المجلس البلدي<per> position held<rt> عضو<e></s><pad>
173,عواد برد العنزي سياسي.,عواد برد العنزي,position_held,سياسي,سياسي,<bor> عواد برد العنزي <per> سياسي <concept> position held <rt> سياسي <e>,train,</s>ar_AR<bor> عواد برد<per> سياسي<concept> occupation<rt> سياسي<e></s><pad><pad><pad><pad><pad><pad><pad><pad><pad><pad><pad><pad><pad><pad><pad><pad><pad><pad><pad><pad><pad><pad>
174,جاسم احمد سلمان الاستاذ سياسي.,جاسم احمد سلمان الاستاذ,position_held,سياسي,سياسي,<bor> جاسم احمد سلمان الاستاذ <per> سياسي <concept> position held <rt> سياسي <e>,test,</s>ar_AR<bor> جاسم احمد سلمان<per> سياسي<concept> occupation<rt> الاستاذ سياسي<e></s><pad><pad><pad><pad><pad><pad><pad><pad><pad><pad><pad><pad><pad><pad><pad><pad><pad><pad><pad><pad>
175,خالد عايد العنزي نائب سابق في مجلس الأمة الكويتي.,خالد عايد العنزي,position_held,نائب سابق في مجلس الأمة الكويتي,نائب سابق في مجلس الأمة الكويتي,<bor> خالد عايد العنزي <per> نائب سابق في مجلس الأمة الكويتي <concept> position held <rt> نائب سابق في مجلس الأمة الكويتي <e>,train,</s>ar_AR<bor> خالد عايد العنزي<per> الكويتي<loc> country of citizenship<rt> none<e><bor> الكويتي<loc> مجلس الأمة الكويتي<media> legislative body<rt> none<e></s>
176,خالد عايد العنزي هو النايب.,خالد عايد العنزي,position_held,النايب,هو النايب,<bor> خالد عايد العنزي <per> النايب <concept> position held <rt> هو النايب <e>,train,</s>ar_AR<bor> خالد عايد العنزي<per> نايب<concept> occupation<rt> هو النايب<e></s><pad><pad><pad><pad><pad><pad><pad><pad><pad><pad><pad><pad><pad><pad><pad><pad><pad>
177,وزير النفط مصطفي جاسم الشمالي.,مصطفي جاسم الشمالي,position_held,وزير النفط,وزير النفط مصطفي جاسم الشمالي,<bor> مصطفي جاسم الشمالي <per> وزير النفط <concept> position held <rt> وزير النفط مصطفي جاسم الشمالي <e>,test,</s>ar_AR<bor> مصطفي جاسم الشمالي<per> وزير النفط<per> position held<rt> وزير النفط<e></s><pad>
178,معالي وزير الماليه مصطفى جاسم الشمالي.,مصطفى جاسم الشمالي,position_held,وزير الماليه,وزير الماليه مصطفى جاسم الشمالي,<bor> مصطفى جاسم الشمالي <per> وزير الماليه <concept> position held <rt> وزير الماليه مصطفى جاسم الشمالي <e>,train,</s>ar_AR<bor> مصطفى جاسم الشمالي<concept> ماليه<loc> country of citizenship<rt> وزير الماليه<e></s>
179,وزير التربيه يحيل الوكيله فاطمه الكندري للتقاعد رسميا.,فاطمه الكندري,position_held,الوكيله,الوكيله فاطمه الكندري,<bor> فاطمه الكندري <per> الوكيله <concept> position held <rt> الوكيله فاطمه الكندري <e>,validation,</s>ar_AR<bor> فاطمه الكندري<per> وزير التربيه<org> position held<rt> يحيل الوكيله<e></s>
180,عين صلاح عبدالرضا عبدالله خورشيد وزيرا لوزارة التجارة والصناعة عام 2001.,صلاح عبدالرضا عبدالله خورشيد,position_held,وزيرا لوزارة التجارة والصناعة,عين صلاح عبدالرضا عبدالله خورشيد وزيرا لوزارة التجارة والصناعة,<bor> صلاح عبدالرضا عبدالله خورشيد <per> وزيرا لوزارة التجارة والصناعة <concept> position held <rt> عين صلاح عبدالرضا عبدالله خورشيد وزيرا لوزارة التجارة والصناعة <e>,train,</s><date> point in time<rt></s><pad><pad><pad><pad><pad><pad><pad><pad><pad><pad><pad><pad><pad><pad><pad>
181,فالح حمود الصويلح العازمي سياسي.,فالح حمود الصويلح العازمي,position_held,سياسي,سياسي,<bor> فالح حمود الصويلح العازمي <per> سياسي <concept> position held <rt> سياسي <e>,train,</s>ar_AR<bor> حمود الصويلح<per> سياسي<concept> occupation<rt> العازمي<e></s><pad><pad><pad><pad><pad><pad><pad><pad><pad><pad><pad><pad><pad><pad><pad><pad><pad><pad><pad><pad><pad><pad><pad><pad>
182,سليمان يوسف صالح الذويخ سياسي.,سليمان يوسف صالح الذويخ,position_held,سياسي,سياسي,<bor> سليمان يوسف صالح الذويخ <per> سياسي <concept> position held <rt> سياسي <e>,validation,</s>ar_AR<bor> سليمان يوسف صالح الذويخ<per> سياسي<concept> occupation<rt> سياسي<e></s><pad><pad><pad><pad><pad><pad><pad><pad><pad><pad><pad><pad><pad><pad><pad><pad><pad><pad><pad><pad><pad><pad><pad><pad><pad>
183,محمد الشمري وزير الدفاع في حكومه جمهوريه الصومال الفيدراليه.,محمد الشمري,position_held,وزير الدفاع في حكومه جمهوريه الصومال الفيدراليه,وزير الدفاع في حكومه جمهوريه الصومال الفيدراليه,<bor> محمد الشمري <per> وزير الدفاع في حكومه جمهوريه الصومال الفيدراليه <concept> position held <rt> وزير الدفاع في حكومه جمهوريه الصومال الفيدراليه <e>,validation,</s>ar_AR<bor> محمد الشمري<per> وزير الدفاع<concept> position held<rt> وزير الدفاع في<e></s><pad><pad><pad><pad><pad><pad><pad><pad><pad><pad><pad><pad><pad><pad><pad><pad><pad><pad><pad><pad><pad><pad><pad><pad>
184,محمد الشمري القائم بالأعمال بالإنابة في سفارة دولة قطر بمقديشو.,محمد الشمري,position_held,القائم بالأعمال بالإنابة في سفارة دولة قطر بمقديشو,القائم بالأعمال بالإنابة في سفارة دولة قطر بمقديشو,<bor> محمد الشمري <per> القائم بالأعمال بالإنابة في سفارة دولة قطر بمقديشو <concept> position held <rt> القائم بالأعمال بالإنابة في سفارة دولة قطر بمقديشو <e>,validation,</s>ar_AR<bor> محمد الشمري القائم بالأعمال بالإنابة<unk> position held<rt> في سفارة دولة قطر بمقديشو<e><bor> بمقديشو<loc> دولة قطر<loc> country<rt> none<e></s>
185,بدر شبيب الشريعان وزير الكهرباء والماء.,بدر شبيب الشريعان,position_held,وزير الكهرباء والماء,وزير الكهرباء والماء,<bor> بدر شبيب الشريعان <per> وزير الكهرباء والماء <concept> position held <rt> وزير الكهرباء والماء <e>,train,</s>ar_AR<bor> بدر شبيب الشريعان<per> وزير الكهرباء والماء<concept> position held<rt> وزير الكهرباء والماء<e></s>
186,حامد البذالي سياسي.,حامد البذالي,position_held,سياسي,سياسي,<bor> حامد البذالي <per> سياسي <concept> position held <rt> سياسي <e>,train,</s>ar_AR<bor> حامد البذالي<per> سياسي<concept> occupation<rt> سياسي<e></s><pad><pad><pad><pad><pad><pad><pad><pad>
187,فاز احمد سعد الدين في انتخابات مجلس النواب.,احمد سعد الدين,position_held,نائب في مجلس النواب,فاز في انتخابات مجلس النواب,<bor> احمد سعد الدين <per> نائب في مجلس النواب <concept> position held <rt> فاز في انتخابات مجلس النواب <e>,train,</s>ar_AR<bor> احمد سعد الدين<per> احمد سعد الدين<per> child<rt> none<e></s><pad><pad><pad><pad><pad><pad><pad>
188,نواف الفزيع نائب في مجلس الأمة الكويتي المبطل ديسمبر 2012.,نواف الفزيع,position_held,نائب في مجلس الأمة الكويتي المبطل ديسمبر 2012,نائب في مجلس الأمة الكويتي المبطل ديسمبر 2012,<bor> نواف الفزيع <per> نائب في مجلس الأمة الكويتي المبطل ديسمبر 2012 <concept> position held <rt> نائب في مجلس الأمة الكويتي المبطل ديسمبر 2012 <e>,validation,</s>ar_AR<bor> 2012<time> 2012<date> start time<rt> ديسمبر<e></s><pad><pad><pad><pad><pad><pad><pad><pad><pad><pad><pad>
189,بدر العازمي هو مسؤول الشؤون القنصلية.,بدر العازمي,position_held,مسؤول الشؤون القنصلية,هو مسؤول الشؤون القنصلية,<bor> بدر العازمي <per> مسؤول الشؤون القنصلية <concept> position held <rt> هو مسؤول الشؤون القنصلية <e>,train,</s>ar_AR<bor> بدر العازمي<per> القنصلية<concept> occupation<rt> مسؤول الشؤون<e></s>
190,فيصل سعيد نافل سعد الغريب وزير العدل.,فيصل سعيد نافل سعد الغريب,position_held,وزير العدل,وزير العدل,<bor> فيصل سعيد نافل سعد الغريب <per> وزير العدل <concept> position held <rt> وزير العدل <e>,train,</s>ar_AR<bor> سعد الغريب<per> وزير العدل<per> position held<rt> وزير العدل<e></s><pad><pad>
191,سالم الحجرف وزير الكهرباء والماء والطاقة المتجددة ووزير الدولة لشؤون الإسكان.,سالم فلاح مبارك الحجرف,position_held,وزير الكهرباء والماء والطاقة المتجددة ووزير الدولة لشؤون الإسكان,وزير الكهرباء والماء والطاقة المتجددة ووزير الدولة لشؤون الإسكان,<bor> سالم فلاح مبارك الحجرف <per> وزير الكهرباء والماء والطاقة المتجددة ووزير الدولة لشؤون الإسكان <concept> position held <rt> وزير الكهرباء والماء والطاقة المتجددة ووزير الدولة لشؤون الإسكان <e>,test,</s>ar_AR<bor> سالم الحجرف<per> وزير الدولة<per> position held<rt> ووزير<e></s><pad><pad>
192,الشيخ عبدالله علي عبدالله السالم الصباح هو وزير الدفاع.,الشيخ عبدالله علي عبدالله السالم الصباح,position_held,وزير الدفاع,هو وزير الدفاع,<bor> الشيخ عبدالله علي عبدالله السالم الصباح <per> وزير الدفاع <concept> position held <rt> هو وزير الدفاع <e>,train,</s>ar_AR<bor> عبدالله السالم الصباح<per> وزير الدفاع<per> position held<rt> هو<e></s><pad><pad>
193,حمود يوسف النصف سياسي.,حمود يوسف النصف,position_held,سياسي,سياسي,<bor> حمود يوسف النصف <per> سياسي <concept> position held <rt> سياسي <e>,train,</s>ar_AR<bor> حمود يوسف النصف<per> سياسي<concept> occupation<rt> سياسي<e></s><pad><pad><pad><pad><pad><pad><pad><pad><pad><pad><pad><pad><pad><pad><pad><pad><pad><pad><pad>
194,احمد عبدالمحسن تركي المليفي وزير العدل بالكويت سابقا.,احمد عبدالمحسن تركي المليفي,position_held,وزير العدل بالكويت سابقا,وزير العدل بالكويت سابقا,<bor> احمد عبدالمحسن تركي المليفي <per> وزير العدل بالكويت سابقا <concept> position held <rt> وزير العدل بالكويت سابقا <e>,train,</s>ar_AR<bor> احمد عبدالمحسن تركي المليفي<per> الكويت<loc> country of citizenship<rt> وزير العدل بالكويت<e></s><pad><pad><pad><pad><pad><pad><pad><pad><pad><pad>
195,رجا حجيلان شباب المطيري نايب سابق في مجلس الامه الكويتي.,رجا حجيلان شباب المطيري,position_held,نايب سابق في مجلس الامه الكويتي,نايب سابق في مجلس الامه الكويتي,<bor> رجا حجيلان شباب المطيري <per> نايب سابق في مجلس الامه الكويتي <concept> position held <rt> نايب سابق في مجلس الامه الكويتي <e>,test,</s>ar_AR<bor> رجا حجيلان شباب المطيري<per> الكويتي<loc> country of citizenship<rt> none<e></s><pad><pad><pad><pad><pad><pad><pad><pad><pad><pad><pad><pad>
196,مهلهل المضف نائب في مجلس الأمة الكويتي.,مهلهل خالد احمد المضف,position_held,نائب في مجلس الأمة الكويتي,نائب في مجلس الأمة الكويتي,<bor> مهلهل خالد احمد المضف <per> نائب في مجلس الأمة الكويتي <concept> position held <rt> نائب في مجلس الأمة الكويتي <e>,validation,</s>ar_AR<bor> مهلهل المضف<per> الكويتي<loc> country of citizenship<rt> الكويتي<e><bor> مجلس الأمة الكويتي<media> الكويتي<loc> country<rt> مجلس الأمة الكويتي<e></s>
197,طاهر الفيلكاوي سياسي.,طاهر الفيلكاوي,position_held,سياسي,سياسي,<bor> طاهر الفيلكاوي <per> سياسي <concept> position held <rt> سياسي <e>,train,</s>ar_AR<bor> طاهر الفيلكاوي<per> سياسي<concept> occupation<rt> سياسي<e></s>
