id,sentence,subject,relation,object,evidence,target_output,split
1,مبارك حمود سعدون الطشه نائب في مجلس الأمة الكويتي.,مبارك حمود سعدون الطشه,position_held,نائب في مجلس الأمة الكويتي,نائب في مجلس الأمة الكويتي,<bor> مبارك حمود سعدون الطشه <per> نائب في مجلس الأمة الكويتي <concept> position held <rt> نائب في مجلس الأمة الكويتي <e>,validation
2,معصومة صالح محمد المبارك سياسية.,معصومة صالح محمد المبارك,position_held,سياسية,سياسية,<bor> معصومة صالح محمد المبارك <per> سياسية <concept> position held <rt> سياسية <e>,train
3,منصور الشيخ موسى المزيدي عضو المجلس التاسيسي الكويتي.,منصور الشيخ موسا المزيدي,position_held,عضو المجلس التاسيسي الكويتي,عضو المجلس التاسيسي الكويتي,<bor> منصور الشيخ موسا المزيدي <per> عضو المجلس التاسيسي الكويتي <concept> position held <rt> عضو المجلس التاسيسي الكويتي <e>,train
4,اللواء منصور العوضي هو وكيل وزارة الداخلية المساعد لشؤون أمن المنافذ.,اللواء منصور العوضي,position_held,وكيل وزاره الداخليه المساعد لشوون امن المنافذ,هو وكيل وزارة الداخلية المساعد لشؤون أمن المنافذ,<bor> اللواء منصور العوضي <per> وكيل وزاره الداخليه المساعد لشوون امن المنافذ <concept> position held <rt> هو وكيل وزارة الداخلية المساعد لشؤون أمن المنافذ <e>,validation
5,مبارك محمد كنيفذ مرزوق الوعلان المطيري سياسي.,مبارك محمد كنيفذ مرزوق الوعلان المطيري,position_held,سياسي,سياسي,<bor> مبارك محمد كنيفذ مرزوق الوعلان المطيري <per> سياسي <concept> position held <rt> سياسي <e>,train
6,سعود محمد راشد بطي الشويعر هو أحد النواب الجدد الذين دخلوا المجلس.,سعود محمد راشد بطي الشويعر,position_held,نائب,هو أحد النواب,<bor> سعود محمد راشد بطي الشويعر <per> نائب <concept> position held <rt> هو أحد النواب <e>,train
7,النايب عبدالله حشر عايد البرغش.,عبدالله حشر عايد البرغش,position_held,النايب,النايب عبدالله حشر عايد البرغش,<bor> عبدالله حشر عايد البرغش <per> النايب <concept> position held <rt> النايب عبدالله حشر عايد البرغش <e>,train
8,المستشار جمال هاضل سالم الجلاوي هو وزير العدل ووزير الدولة لشؤون النزاهة.,جمال هاضل سالم الجلاوي,position_held,وزير العدل ووزير الدولة لشؤون النزاهة,هو وزير العدل ووزير الدولة لشؤون النزاهة,<bor> جمال هاضل سالم الجلاوي <per> وزير العدل ووزير الدولة لشؤون النزاهة <concept> position held <rt> هو وزير العدل ووزير الدولة لشؤون النزاهة <e>,train
9,عبدالعزيز ماجد الماجد وزير العدل ووزير الأوقاف والشؤون الإسلامية.,عبدالعزيز ماجد الماجد,position_held,وزير العدل,وزير العدل,<bor> عبدالعزيز ماجد الماجد <per> وزير العدل <concept> position held <rt> وزير العدل <e>,validation
10,حمود عبدالله الرقبه هو وزير اسبق.,حمود عبدالله الرقبه,position_held,وزير اسبق,هو وزير اسبق,<bor> حمود عبدالله الرقبه <per> وزير اسبق <concept> position held <rt> هو وزير اسبق <e>,validation
11,محمد ضيف الله القحص العنزي سياسي.,محمد ضيف الله القحص العنزي,position_held,سياسي,سياسي,<bor> محمد ضيف الله القحص العنزي <per> سياسي <concept> position held <rt> سياسي <e>,train
12,يوسف الوزان سياسي.,يوسف الوزان,position_held,سياسي,سياسي,<bor> يوسف الوزان <per> سياسي <concept> position held <rt> سياسي <e>,train
13,نايف محمد الحجرف هو مساعد مدير امن محافظه الفروانيه.,نايف محمد الحجرف,position_held,مساعد مدير امن محافظه الفروانيه,هو مساعد مدير امن محافظه الفروانيه,<bor> نايف محمد الحجرف <per> مساعد مدير امن محافظه الفروانيه <concept> position held <rt> هو مساعد مدير امن محافظه الفروانيه <e>,train
14,حسين براك الدوسري سياسي.,حسين براك الدوسري,position_held,سياسي,سياسي,<bor> حسين براك الدوسري <per> سياسي <concept> position held <rt> سياسي <e>,train
15,خليل ابراهيم عبدالله المزين نايب.,خليل ابراهيم عبدالله المزين,position_held,نايب,نايب,<bor> خليل ابراهيم عبدالله المزين <per> نايب <concept> position held <rt> نايب <e>,validation
16,عيد هذال الرشيدي وزير الاشغال العامه.,عيد هذال الرشيدي,position_held,وزير الاشغال العامه,وزير الاشغال العامه,<bor> عيد هذال الرشيدي <per> وزير الاشغال العامه <concept> position held <rt> وزير الاشغال العامه <e>,train
17,عايض علوش الخميشي العازمي هو عضو مجلس الأمة الراحل.,عايض علوش الخميشي العازمي,position_held,عضو مجلس الامه الراحل,هو عضو مجلس الأمة الراحل,<bor> عايض علوش الخميشي العازمي <per> عضو مجلس الامه الراحل <concept> position held <rt> هو عضو مجلس الأمة الراحل <e>,train
18,فراج زبن عربيد جلوي العربيد نايب.,فراج زبن عربيد جلوي العربيد,position_held,نايب,نايب,<bor> فراج زبن عربيد جلوي العربيد <per> نايب <concept> position held <rt> نايب <e>,train
19,عبدالوهاب سليمان الفوزان وزير الصحه الكويتي السابق.,عبد الوهاب سليمان الفوزان,position_held,وزير الصحه الكويتي السابق,وزير الصحه الكويتي السابق,<bor> عبد الوهاب سليمان الفوزان <per> وزير الصحه الكويتي السابق <concept> position held <rt> وزير الصحه الكويتي السابق <e>,train
20,بدر غريد سعوي راشد البذالي شارك في الانتخابات البرلمانيه.,بدر غريد سعوي راشد البذالي,position_held,مشارك في الانتخابات البرلمانية,شارك في الانتخابات البرلمانيه,<bor> بدر غريد سعوي راشد البذالي <per> مشارك في الانتخابات البرلمانية <concept> position held <rt> شارك في الانتخابات البرلمانيه <e>,validation
21,فلاح ضاحي فلاح ضاحي دلواح الهاجري نائب في مجلس الأمة الكويتي.,فلاح ضاحي فلاح ضاحي دلواح الهاجري,position_held,نائب في مجلس الأمة الكويتي,نائب في مجلس الأمة الكويتي,<bor> فلاح ضاحي فلاح ضاحي دلواح الهاجري <per> نائب في مجلس الأمة الكويتي <concept> position held <rt> نائب في مجلس الأمة الكويتي <e>,train
22,سعد الخراز هو وزير الشؤون الجديد.,سعد الخراز,position_held,وزير الشؤون الجديد,هو وزير الشؤون الجديد,<bor> سعد الخراز <per> وزير الشؤون الجديد <concept> position held <rt> هو وزير الشؤون الجديد <e>,test
23,مبارك فالح رجعان راعي الفحماء سياسي.,مبارك فالح رجعان راعي الفحماء,position_held,سياسي,سياسي,<bor> مبارك فالح رجعان راعي الفحماء <per> سياسي <concept> position held <rt> سياسي <e>,train
24,النائب عبداللطيف عبدالوهاب عبدالرحمن مبارك العميري.,عبداللطيف عبدالوهاب عبدالرحمن مبارك العميري,position_held,النائب,النائب عبداللطيف عبدالوهاب عبدالرحمن مبارك العميري,<bor> عبداللطيف عبدالوهاب عبدالرحمن مبارك العميري <per> النائب <concept> position held <rt> النائب عبداللطيف عبدالوهاب عبدالرحمن مبارك العميري <e>,validation
25,مطلق محمد صعصيع الشليمي نايب سابق في مجلس الامه الكويتي.,مطلق محمد صعصيع الشليمي,position_held,نايب سابق في مجلس الامه الكويتي,نايب سابق في مجلس الامه الكويتي,<bor> مطلق محمد صعصيع الشليمي <per> نايب سابق في مجلس الامه الكويتي <concept> position held <rt> نايب سابق في مجلس الامه الكويتي <e>,train
26,سعد الحتيرش أمير بقعاء.,سعد الحتيرش,position_held,أمير بقعاء,أمير بقعاء,<bor> سعد الحتيرش <per> أمير بقعاء <concept> position held <rt> أمير بقعاء <e>,train
27,كان محمد صقر المعوشرجي أول وزير للأوقاف بعد الاحتلال العراقي.,محمد صقر المعوشرجي,position_held,وزير للأوقاف,كان أول وزير للأوقاف,<bor> محمد صقر المعوشرجي <per> وزير للأوقاف <concept> position held <rt> كان أول وزير للأوقاف <e>,test
28,راشد عوض مطلق الجويسري سياسي.,راشد عوض مطلق الجويسري,position_held,سياسي,سياسي,<bor> راشد عوض مطلق الجويسري <per> سياسي <concept> position held <rt> سياسي <e>,train
29,كان النائب الأسبق في مجلس الأمة فلاح مطلق هذال مقدن الصواغ العازمي.,فلاح مطلق هذال مقدن الصواغ العازمي,position_held,النائب الأسبق في مجلس الأمة,كان النائب الأسبق في مجلس الأمة,<bor> فلاح مطلق هذال مقدن الصواغ العازمي <per> النائب الأسبق في مجلس الأمة <concept> position held <rt> كان النائب الأسبق في مجلس الأمة <e>,train
30,العقيد فيصل الديحاني مدير ادارة العلاقات العامة والاعلام الامني في وزارة الداخلية.,فيصل الديحاني,position_held,مدير ادارة العلاقات العامة والاعلام الامني في وزارة الداخلية,مدير ادارة العلاقات العامة والاعلام الامني في وزارة الداخلية,<bor> فيصل الديحاني <per> مدير ادارة العلاقات العامة والاعلام الامني في وزارة الداخلية <concept> position held <rt> مدير ادارة العلاقات العامة والاعلام الامني في وزارة الداخلية <e>,train
31,خالد حسين عبد علي عبد الرحيم الشطي نايب سابق في مجلس الامه الكويتي.,خالد حسين عبد علي عبد الرحيم الشطي,position_held,نايب سابق في مجلس الامه الكويتي,نايب سابق في مجلس الامه الكويتي,<bor> خالد حسين عبد علي عبد الرحيم الشطي <per> نايب سابق في مجلس الامه الكويتي <concept> position held <rt> نايب سابق في مجلس الامه الكويتي <e>,train
32,أصبح ناصر صنهات العصيمي مختاراً لمنطقة خيطان.,ناصر صنهات العصيمي,position_held,مختاراً لمنطقة خيطان,أصبح ناصر صنهات العصيمي مختاراً لمنطقة خيطان,<bor> ناصر صنهات العصيمي <per> مختاراً لمنطقة خيطان <concept> position held <rt> أصبح ناصر صنهات العصيمي مختاراً لمنطقة خيطان <e>,train
33,نواف بهيش سعد هواش العازمي عضو مجلس الامه الكويتي.,نواف بهيش سعد هواش العازمي,position_held,عضو مجلس الامه الكويتي,عضو مجلس الامه الكويتي,<bor> نواف بهيش سعد هواش العازمي <per> عضو مجلس الامه الكويتي <concept> position held <rt> عضو مجلس الامه الكويتي <e>,train
34,المهندس جراح المطيري هو نايب المدير العام.,جراح المطيري,position_held,نايب المدير العام,هو نايب المدير العام,<bor> جراح المطيري <per> نايب المدير العام <concept> position held <rt> هو نايب المدير العام <e>,test
35,علي احمد ابراهيم احمد البغلي هو وزير كويتي سابق.,علي احمد ابراهيم احمد البغلي,position_held,وزير كويتي سابق,هو وزير كويتي سابق,<bor> علي احمد ابراهيم احمد البغلي <per> وزير كويتي سابق <concept> position held <rt> هو وزير كويتي سابق <e>,train
36,مريم عقيل هاشم العقيل وزيرة للشؤون الاجتماعية ووزيرة دولة للشؤون الاقتصادية.,مريم عقيل هاشم العقيل,position_held,وزيره للشوون الاجتماعيه,وزيرة للشؤون الاجتماعية,<bor> مريم عقيل هاشم العقيل <per> وزيره للشوون الاجتماعيه <concept> position held <rt> وزيرة للشؤون الاجتماعية <e>,train
37,الرئيس التنفيذي لشركة نفط الكويت هو احمد العيدان.,احمد العيدان,position_held,الرئيس التنفيذي لشركة نفط الكويت,الرئيس التنفيذي لشركة نفط الكويت هو احمد العيدان,<bor> احمد العيدان <per> الرئيس التنفيذي لشركة نفط الكويت <concept> position held <rt> الرئيس التنفيذي لشركة نفط الكويت هو احمد العيدان <e>,train
38,فيصل الحجي بوخضور هو السفير الكويتي الأسبق في البحرين.,فيصل الحجي بوخضور,position_held,السفير الكويتي الاسبق,هو السفير الكويتي الأسبق,<bor> فيصل الحجي بوخضور <per> السفير الكويتي الاسبق <concept> position held <rt> هو السفير الكويتي الأسبق <e>,train
39,عبدلله عبدالصمد معرفي وزير الاسكان.,عبدلله عبدالصمد معرفي,position_held,وزير الاسكان,وزير الاسكان,<bor> عبدلله عبدالصمد معرفي <per> وزير الاسكان <concept> position held <rt> وزير الاسكان <e>,train
40,عمار محمد عمار لبدان العجمي سياسي.,عمار محمد عمار لبدان العجمي,position_held,سياسي,سياسي,<bor> عمار محمد عمار لبدان العجمي <per> سياسي <concept> position held <rt> سياسي <e>,train
41,بدر فهد علي الدويله وزير كويتي سابق.,بدر فهد علي الدويله,position_held,وزير كويتي سابق,وزير كويتي سابق,<bor> بدر فهد علي الدويله <per> وزير كويتي سابق <concept> position held <rt> وزير كويتي سابق <e>,train
42,علي ثنيان صالح الأذينة سياسي.,علي ثنيان صالح الأذينة,position_held,سياسي,سياسي,<bor> علي ثنيان صالح الأذينة <per> سياسي <concept> position held <rt> سياسي <e>,test
43,تم تعيين خالد محمد العجمي مديرا للموارد البشريه.,خالد محمد العجمي,position_held,مدير الموارد البشريه,تم تعيين خالد محمد العجمي مديرا للموارد البشريه,<bor> خالد محمد العجمي <per> مدير الموارد البشريه <concept> position held <rt> تم تعيين خالد محمد العجمي مديرا للموارد البشريه <e>,train
44,محمد عبد المحسن فراج العصيمي سياسي.,محمد عبد المحسن فراج العصيمي,position_held,سياسي,سياسي,<bor> محمد عبد المحسن فراج العصيمي <per> سياسي <concept> position held <rt> سياسي <e>,train
45,راشد صالح التوحيد عضو مجلس الامه الاسبق.,راشد صالح التوحيد,position_held,عضو مجلس الامه الاسبق,عضو مجلس الامه الاسبق,<bor> راشد صالح التوحيد <per> عضو مجلس الامه الاسبق <concept> position held <rt> عضو مجلس الامه الاسبق <e>,train
46,عوده عوده الرويعي هو واحد من 20 نائباً سابقاً حافظوا على مقاعدهم الانتخابية.,عوده عوده الرويعي,position_held,نائب سابق,هو واحد من 20 نائباً سابقاً,<bor> عوده عوده الرويعي <per> نائب سابق <concept> position held <rt> هو واحد من 20 نائباً سابقاً <e>,train
47,ثامر سعد غيث السويط الظفيري نائب مجلس الأمة الكويتي.,ثامر سعد غيث السويط الظفيري,position_held,نائب مجلس الأمة الكويتي,نائب مجلس الأمة الكويتي,<bor> ثامر سعد غيث السويط الظفيري <per> نائب مجلس الأمة الكويتي <concept> position held <rt> نائب مجلس الأمة الكويتي <e>,validation
48,الشيخ ثامر علي صباح السالم الصباح وزير الداخليه.,الشيخ ثامر علي صباح السالم الصباح,position_held,وزير الداخليه,وزير الداخليه,<bor> الشيخ ثامر علي صباح السالم الصباح <per> وزير الداخليه <concept> position held <rt> وزير الداخليه <e>,test
49,تم تعيين الدكتور نايف الرومي محافظا لهيئة تقويم التعليم العام.,نايف الرومي,position_held,محافظ لهيئة تقويم التعليم العام,تم تعيين الدكتور نايف الرومي محافظا لهيئة تقويم التعليم العام,<bor> نايف الرومي <per> محافظ لهيئة تقويم التعليم العام <concept> position held <rt> تم تعيين الدكتور نايف الرومي محافظا لهيئة تقويم التعليم العام <e>,test
50,الحميدي السبيعي نائب سابق في مجلس الأمة الكويتي.,الحميدي السبيعي,position_held,نائب سابق في مجلس الأمة الكويتي,نائب سابق في مجلس الأمة الكويتي,<bor> الحميدي السبيعي <per> نائب سابق في مجلس الأمة الكويتي <concept> position held <rt> نائب سابق في مجلس الأمة الكويتي <e>,test
51,مفلح العازمي سياسي.,مفلح العازمي,position_held,سياسي,مفلح العازمي سياسي,<bor> مفلح العازمي <per> سياسي <concept> position held <rt> مفلح العازمي سياسي <e>,train
52,انتخب محمد رفيع ضمن هذا المجلس.,محمد رفيع,position_held,عضو في المجلس,انتخب محمد رفيع ضمن هذا المجلس,<bor> محمد رفيع <per> عضو في المجلس <concept> position held <rt> انتخب محمد رفيع ضمن هذا المجلس <e>,test
53,يوسف المطيري المتحدث باسم وزاره الشوون الاجتماعيه.,يوسف المطيري,position_held,المتحدث باسم وزاره الشوون الاجتماعيه,المتحدث باسم وزاره الشوون الاجتماعيه,<bor> يوسف المطيري <per> المتحدث باسم وزاره الشوون الاجتماعيه <concept> position held <rt> المتحدث باسم وزاره الشوون الاجتماعيه <e>,test
54,عبد الله حمد العجمي سياسي.,عبد الله حمد العجمي,position_held,سياسي,سياسي,<bor> عبد الله حمد العجمي <per> سياسي <concept> position held <rt> سياسي <e>,validation
55,عاليه فيصل حمود زيد الخالد نايب سابق في مجلس الامه الكويتي.,عاليه فيصل حمود زيد الخالد,position_held,نايب سابق في مجلس الامه الكويتي,نايب سابق في مجلس الامه الكويتي,<bor> عاليه فيصل حمود زيد الخالد <per> نايب سابق في مجلس الامه الكويتي <concept> position held <rt> نايب سابق في مجلس الامه الكويتي <e>,train
56,مبارك بنيه الخرينج رئيس لجنة العلاقات المصرية الكويتية في مجلس الأمة الكويتي.,مبارك بنيه الخرينج,position_held,رئيس لجنة العلاقات المصرية الكويتية في مجلس الأمة الكويتي,رئيس لجنة العلاقات المصرية الكويتية في مجلس الأمة الكويتي,<bor> مبارك بنيه الخرينج <per> رئيس لجنة العلاقات المصرية الكويتية في مجلس الأمة الكويتي <concept> position held <rt> رئيس لجنة العلاقات المصرية الكويتية في مجلس الأمة الكويتي <e>,train
57,عبدالله متعب مسفر مرزوق العرادة كان عضوا في مجلس الأمة الكويتي.,عبدالله متعب مسفر مرزوق العراده,position_held,عضو في مجلس الأمة الكويتي,كان عضوا في مجلس الأمة الكويتي,<bor> عبدالله متعب مسفر مرزوق العراده <per> عضو في مجلس الأمة الكويتي <concept> position held <rt> كان عضوا في مجلس الأمة الكويتي <e>,train
58,تم تعيين محمد ابطيحان الدويهيس وزيرا للتخطيط.,محمد ابطيحان الدويهيس,position_held,وزير التخطيط,تم تعيين محمد ابطيحان الدويهيس وزيرا للتخطيط,<bor> محمد ابطيحان الدويهيس <per> وزير التخطيط <concept> position held <rt> تم تعيين محمد ابطيحان الدويهيس وزيرا للتخطيط <e>,test
59,مفرج نهار مفرج خلف المطيري سياسي.,مفرج نهار مفرج خلف المطيري,position_held,سياسي,سياسي,<bor> مفرج نهار مفرج خلف المطيري <per> سياسي <concept> position held <rt> سياسي <e>,train
60,عبدالله المسلماني محامي الدوله.,عبدالله المسلماني,position_held,محامي الدوله,محامي الدوله,<bor> عبدالله المسلماني <per> محامي الدوله <concept> position held <rt> محامي الدوله <e>,train
61,ماجد مساعد عوض مطلق الرشاش المطيري نائب في مجلس الأمة الكويتي.,ماجد مساعد عوض مطلق الرشاش المطيري,position_held,نائب في مجلس الأمة الكويتي,نائب في مجلس الأمة الكويتي,<bor> ماجد مساعد عوض مطلق الرشاش المطيري <per> نائب في مجلس الأمة الكويتي <concept> position held <rt> نائب في مجلس الأمة الكويتي <e>,train
62,ماجد مساعد المطيري عضو مجلس الأمة.,ماجد مساعد المطيري,position_held,عضو مجلس الأمة,عضو مجلس الأمة,<bor> ماجد مساعد المطيري <per> عضو مجلس الأمة <concept> position held <rt> عضو مجلس الأمة <e>,train
63,أنور عراك عنتر عواد الفكر الظفيري نائب سابق في مجلس الأمة الكويتي.,أنور عراك عنتر عواد الفكر الظفيري,position_held,نائب سابق في مجلس الأمة الكويتي,نائب سابق في مجلس الأمة الكويتي,<bor> أنور عراك عنتر عواد الفكر الظفيري <per> نائب سابق في مجلس الأمة الكويتي <concept> position held <rt> نائب سابق في مجلس الأمة الكويتي <e>,validation
64,محمد عبدالرحمن بوزبر وزير العدل ووزير دولة لشؤون تعزيز النزاهة.,محمد عبدالرحمن بوزبر,position_held,وزير العدل,وزير العدل,<bor> محمد عبدالرحمن بوزبر <per> وزير العدل <concept> position held <rt> وزير العدل <e>,train
65,فيصل عبدالحميد الصانع عضو مجلس الامه.,فيصل عبدالحميد الصانع,position_held,عضو مجلس الامه,عضو مجلس الامه,<bor> فيصل عبدالحميد الصانع <per> عضو مجلس الامه <concept> position held <rt> عضو مجلس الامه <e>,test
66,خليفه مساعد حماده سياسي كويتي.,خليفه مساعد حماده,position_held,سياسي كويتي,سياسي كويتي,<bor> خليفه مساعد حماده <per> سياسي كويتي <concept> position held <rt> سياسي كويتي <e>,train
67,الاستيناف تؤيد حبس النائب السابق ماجد المطيري.,ماجد المطيري,position_held,النائب السابق,النائب السابق,<bor> ماجد المطيري <per> النائب السابق <concept> position held <rt> النائب السابق <e>,train
68,عبدالعزيز طارق حمود عبدالعزيز الصقعبي عضو مجلس الامه 2020.,عبدالعزيز طارق حمود عبدالعزيز الصقعبي,position_held,عضو مجلس الامه 2020,عضو مجلس الامه 2020,<bor> عبدالعزيز طارق حمود عبدالعزيز الصقعبي <per> عضو مجلس الامه 2020 <concept> position held <rt> عضو مجلس الامه 2020 <e>,train
69,حسام عبدالله عبدالوهاب حسين الرومي وزير الدولة للشؤون البلدية.,حسام عبدالله عبدالوهاب حسين الرومي,position_held,وزير الدولة للشؤون البلدية,وزير الدولة للشؤون البلدية,<bor> حسام عبدالله عبدالوهاب حسين الرومي <per> وزير الدولة للشؤون البلدية <concept> position held <rt> وزير الدولة للشؤون البلدية <e>,test
70,جاسر خالد الجاسر الراجحي نائب سابق في البرلمان.,جاسر خالد الجاسر الراجحي,position_held,نائب سابق في البرلمان,نائب سابق في البرلمان,<bor> جاسر خالد الجاسر الراجحي <per> نائب سابق في البرلمان <concept> position held <rt> نائب سابق في البرلمان <e>,train
71,عايض علوش عوض المطيري سياسي.,عايض علوش عوض المطيري,position_held,سياسي,سياسي,<bor> عايض علوش عوض المطيري <per> سياسي <concept> position held <rt> سياسي <e>,train
72,النائب خلف العتيبي.,خلف العتيبي,position_held,نائب,النائب خلف العتيبي,<bor> خلف العتيبي <per> نائب <concept> position held <rt> النائب خلف العتيبي <e>,train
73,يوسف خالد المخلد المطيري نائب سابق في مجلس الأمة الكويتي.,يوسف خالد المخلد المطيري,position_held,نائب سابق في مجلس الأمة الكويتي,نائب سابق في مجلس الأمة الكويتي,<bor> يوسف خالد المخلد المطيري <per> نائب سابق في مجلس الأمة الكويتي <concept> position held <rt> نائب سابق في مجلس الأمة الكويتي <e>,train
74,جنان محسن حسن رمضان بوشهري وزيره الاشغال.,جنان محسن حسن رمضان بوشهري,position_held,وزيره الاشغال,وزيره الاشغال,<bor> جنان محسن حسن رمضان بوشهري <per> وزيره الاشغال <concept> position held <rt> وزيره الاشغال <e>,train
75,معالي الدكتورة أمثال هادي هايف الحويلة تتولى الرئاسة.,أمثال هادي هايف الحويلة,position_held,رئيسة,تتولى الرئاسة,<bor> أمثال هادي هايف الحويلة <per> رئيسة <concept> position held <rt> تتولى الرئاسة <e>,train
76,عبد الله مشاري الروضان سياسي.,عبد الله مشاري الروضان,position_held,سياسي,سياسي,<bor> عبد الله مشاري الروضان <per> سياسي <concept> position held <rt> سياسي <e>,train
77,جمعان محمد ناصر الحريتي نجح في انتخابات المجلس الوطني الكويتي 1990.,جمعان محمد ناصر الحريتي,position_held,عضو في المجلس الوطني الكويتي,نجح في انتخابات المجلس الوطني الكويتي,<bor> جمعان محمد ناصر الحريتي <per> عضو في المجلس الوطني الكويتي <concept> position held <rt> نجح في انتخابات المجلس الوطني الكويتي <e>,validation
78,جمعان ظاهر ماضي الحربش سياسي.,جمعان ظاهر ماضي الحربش,position_held,سياسي,سياسي,<bor> جمعان ظاهر ماضي الحربش <per> سياسي <concept> position held <rt> سياسي <e>,train
79,مسعود سعد هملان الهملان سياسي.,مسعود سعد هملان الهملان,position_held,سياسي,سياسي,<bor> مسعود سعد هملان الهملان <per> سياسي <concept> position held <rt> سياسي <e>,test
80,بدر زايد حمد الداهوم العازمي هو رئيس المكتب السياسي لتجمع ثوابت الأمة.,بدر زايد حمد الداهوم العازمي,position_held,رئيس المكتب السياسي لتجمع ثوابت الأمة,هو رئيس المكتب السياسي لتجمع ثوابت الأمة,<bor> بدر زايد حمد الداهوم العازمي <per> رئيس المكتب السياسي لتجمع ثوابت الأمة <concept> position held <rt> هو رئيس المكتب السياسي لتجمع ثوابت الأمة <e>,train
81,بدر ضاحي العجيل نائب سابق في مجلس الأمة الكويتي.,بدر ضاحي العجيل,position_held,نائب سابق في مجلس الأمة الكويتي,نائب سابق في مجلس الأمة الكويتي,<bor> بدر ضاحي العجيل <per> نائب سابق في مجلس الأمة الكويتي <concept> position held <rt> نائب سابق في مجلس الأمة الكويتي <e>,train
82,مبارك سالم مبارك ناصر الحريص سياسي.,مبارك سالم مبارك ناصر الحريص,position_held,سياسي,سياسي,<bor> مبارك سالم مبارك ناصر الحريص <per> سياسي <concept> position held <rt> سياسي <e>,train
83,الفريق الركن سلطان المطيري.,سلطان المطيري,position_held,الفريق الركن,الفريق الركن سلطان المطيري,<bor> سلطان المطيري <per> الفريق الركن <concept> position held <rt> الفريق الركن سلطان المطيري <e>,validation
84,خالد محمد شديد الطاحوس سياسي.,خالد محمد شديد الطاحوس,position_held,سياسي,سياسي,<bor> خالد محمد شديد الطاحوس <per> سياسي <concept> position held <rt> سياسي <e>,train
85,خالد مشعان منيخر طاحوس عضو مجلس الامه الكويتي.,خالد مشعان منيخر طاحوس,position_held,عضو مجلس الامه الكويتي,عضو مجلس الامه الكويتي,<bor> خالد مشعان منيخر طاحوس <per> عضو مجلس الامه الكويتي <concept> position held <rt> عضو مجلس الامه الكويتي <e>,train
86,يعين اللواء ركن مهندس متقاعد محمد عبد العزيز سعود بوعركي.,محمد عبد العزيز سعود بوعركي,position_held,اللواء ركن مهندس متقاعد,يعين اللواء ركن مهندس متقاعد محمد عبد العزيز سعود بوعركي,<bor> محمد عبد العزيز سعود بوعركي <per> اللواء ركن مهندس متقاعد <concept> position held <rt> يعين اللواء ركن مهندس متقاعد محمد عبد العزيز سعود بوعركي <e>,test
87,علي سالم جعيلان الدقباسي رئيس البرلمان العربي سابقا.,علي سالم جعيلان الدقباسي,position_held,رئيس البرلمان العربي سابقا,رئيس البرلمان العربي سابقا,<bor> علي سالم جعيلان الدقباسي <per> رئيس البرلمان العربي سابقا <concept> position held <rt> رئيس البرلمان العربي سابقا <e>,test
88,مصلح هميجان مرشد العازمي سياسي.,مصلح هميجان مرشد العازمي,position_held,سياسي,سياسي,<bor> مصلح هميجان مرشد العازمي <per> سياسي <concept> position held <rt> سياسي <e>,train
89,موسى حسين عبدالله حسن الصراف عضو في جمعية المهندسين الكويتية.,موسى حسين عبدالله حسن الصراف,position_held,عضو في جمعية المهندسين الكويتية,عضو في جمعية المهندسين الكويتية,<bor> موسى حسين عبدالله حسن الصراف <per> عضو في جمعية المهندسين الكويتية <concept> position held <rt> عضو في جمعية المهندسين الكويتية <e>,train
90,سليمان سعدون البدر وزير التربية.,سليمان سعدون البدر,position_held,وزير التربية,وزير التربية,<bor> سليمان سعدون البدر <per> وزير التربية <concept> position held <rt> وزير التربية <e>,test
91,متعب ناصر محمد الجلال سعود السهلي له سيرة برلمانية.,متعب ناصر محمد الجلال سعود السهلي,position_held,برلماني,له سيرة برلمانية,<bor> متعب ناصر محمد الجلال سعود السهلي <per> برلماني <concept> position held <rt> له سيرة برلمانية <e>,train
92,سعد الحريتي هو الملحق العسكري الكويتي في بلجيكا.,سعد الحريتي,position_held,الملحق العسكري الكويتي في بلجيكا,هو الملحق العسكري الكويتي في بلجيكا,<bor> سعد الحريتي <per> الملحق العسكري الكويتي في بلجيكا <concept> position held <rt> هو الملحق العسكري الكويتي في بلجيكا <e>,train
93,طلال مبارك العيار سياسي.,طلال مبارك العيار,position_held,سياسي,سياسي,<bor> طلال مبارك العيار <per> سياسي <concept> position held <rt> سياسي <e>,train
94,فهد صالح ناصر محمد الخنه هو سياسي كويتي.,فهد صالح ناصر محمد الخنه,position_held,سياسي كويتي,هو سياسي كويتي,<bor> فهد صالح ناصر محمد الخنه <per> سياسي كويتي <concept> position held <rt> هو سياسي كويتي <e>,train
95,مبارك بنيه خلف حمدان العرف سياسي.,مبارك بنيه خلف حمدان العرف,position_held,سياسي,سياسي,<bor> مبارك بنيه خلف حمدان العرف <per> سياسي <concept> position held <rt> سياسي <e>,train
96,وليد خالد فهد الجري نايب سابق في مجلس الامه.,وليد خالد فهد الجري,position_held,نايب سابق في مجلس الامه,نايب سابق في مجلس الامه,<bor> وليد خالد فهد الجري <per> نايب سابق في مجلس الامه <concept> position held <rt> نايب سابق في مجلس الامه <e>,test
97,عبدالله عبدالرحمن عبدالله الطويل وزير الصحه.,عبدالله عبدالرحمن عبدالله الطويل,position_held,وزير الصحه,وزير الصحه,<bor> عبدالله عبدالرحمن عبدالله الطويل <per> وزير الصحه <concept> position held <rt> وزير الصحه <e>,train
98,محمد خلف دهش المهمل سياسي.,محمد خلف دهش المهمل,position_held,سياسي,سياسي,<bor> محمد خلف دهش المهمل <per> سياسي <concept> position held <rt> سياسي <e>,train
99,مريم العلي المعاضيد نائب رئيس للبحث والدراسات العليا في جامعة قطر.,مريم العلي المعاضيد,position_held,نائب رئيس للبحث والدراسات العليا في جامعة قطر,نائب رئيس للبحث والدراسات العليا في جامعة قطر,<bor> مريم العلي المعاضيد <per> نائب رئيس للبحث والدراسات العليا في جامعة قطر <concept> position held <rt> نائب رئيس للبحث والدراسات العليا في جامعة قطر <e>,train
100,عيسى عبد الله محمد بهمن سياسي.,عيسى عبد الله محمد بهمن,position_held,سياسي,سياسي,<bor> عيسى عبد الله محمد بهمن <per> سياسي <concept> position held <rt> سياسي <e>,test
101,عميد محمد طنا طواري صحفان العنزي مدير عام الاداره العامه لهندسه الاتصالات.,محمد طنا طواري صحفان العنزي,position_held,مدير عام الاداره العامه لهندسه الاتصالات,مدير عام الاداره العامه لهندسه الاتصالات,<bor> محمد طنا طواري صحفان العنزي <per> مدير عام الاداره العامه لهندسه الاتصالات <concept> position held <rt> مدير عام الاداره العامه لهندسه الاتصالات <e>,train
102,فاز سلطان جدعان عواد مذود (اللغيصم) الشمري في انتخابات مجلس الأمة 2013.,سلطان جدعان عواد مذود (اللغيصم) الشمري,position_held,عضو مجلس الأمة,فاز في انتخابات مجلس الأمة,<bor> سلطان جدعان عواد مذود (اللغيصم) الشمري <per> عضو مجلس الأمة <concept> position held <rt> فاز في انتخابات مجلس الأمة <e>,train
103,محمد الودعاني قاضي محكمة بقعاء.,محمد الودعاني,position_held,قاضي محكمة بقعاء,قاضي محكمة بقعاء,<bor> محمد الودعاني <per> قاضي محكمة بقعاء <concept> position held <rt> قاضي محكمة بقعاء <e>,train
104,بدر سيار عيد عفاس الشمري سياسي.,بدر سيار عيد عفاس الشمري,position_held,سياسي,سياسي,<bor> بدر سيار عيد عفاس الشمري <per> سياسي <concept> position held <rt> سياسي <e>,validation
105,فيصل سعود صالح الدويسان سياسي.,فيصل سعود صالح الدويسان,position_held,سياسي,سياسي,<bor> فيصل سعود صالح الدويسان <per> سياسي <concept> position held <rt> سياسي <e>,train
106,شريدة عبدالله سعد المعوشرجي نائب رئيس مجلس الوزراء ووزير دولة لشؤون مجلس الوزراء.,شريدة عبدالله سعد المعوشرجي,position_held,نائب رئيس مجلس الوزراء,شريدة عبدالله سعد المعوشرجي نائب رئيس مجلس الوزراء,<bor> شريدة عبدالله سعد المعوشرجي <per> نائب رئيس مجلس الوزراء <concept> position held <rt> شريدة عبدالله سعد المعوشرجي نائب رئيس مجلس الوزراء <e>,train
107,مطلق مزيد مطلق المسعود سياسي.,مطلق مزيد مطلق المسعود,position_held,سياسي,سياسي,<bor> مطلق مزيد مطلق المسعود <per> سياسي <concept> position held <rt> سياسي <e>,train
108,النائب محمد عبدالله خالد عبدالرحمن العبدالجادر.,محمد عبدالله خالد عبدالرحمن العبدالجادر,position_held,النائب,النائب,<bor> محمد عبدالله خالد عبدالرحمن العبدالجادر <per> النائب <concept> position held <rt> النائب <e>,train
109,صدر مرسوم يقضي بتعيين نوره سليمان سالم الفصام وزيره للماليه.,نوره سليمان سالم الفصام,position_held,وزيره للماليه,بتعيين نوره سليمان سالم الفصام وزيره للماليه,<bor> نوره سليمان سالم الفصام <per> وزيره للماليه <concept> position held <rt> بتعيين نوره سليمان سالم الفصام وزيره للماليه <e>,train
110,يشغل النايب محمد عبدالفتاح ادم منصب امين عام حزب مستقبل وطن بمحافظه قنا.,النايب محمد عبدالفتاح ادم,position_held,امين عام حزب مستقبل وطن بمحافظه قنا,يشغل منصب امين عام حزب مستقبل وطن بمحافظه قنا,<bor> النايب محمد عبدالفتاح ادم <per> امين عام حزب مستقبل وطن بمحافظه قنا <concept> position held <rt> يشغل منصب امين عام حزب مستقبل وطن بمحافظه قنا <e>,train
111,عواطف العازمي مديراً للقسم النسائي بالبلدية.,عواطف العازمي,position_held,مديراً للقسم النسائي بالبلدية,مديراً للقسم النسائي بالبلدية,<bor> عواطف العازمي <per> مديراً للقسم النسائي بالبلدية <concept> position held <rt> مديراً للقسم النسائي بالبلدية <e>,train
112,براك ناصر فلاح النون ابو حقطه سياسي.,براك ناصر فلاح النون ابو حقطه,position_held,سياسي,سياسي,<bor> براك ناصر فلاح النون ابو حقطه <per> سياسي <concept> position held <rt> سياسي <e>,test
113,حامد محمد العازمي وزير التربية.,حامد محمد العازمي,position_held,وزير التربية,وزير التربية,<bor> حامد محمد العازمي <per> وزير التربية <concept> position held <rt> وزير التربية <e>,train
114,حسين مزيد عويس هادي الديحاني نائب رئيس المجلس البلدي.,حسين مزيد عويس هادي الديحاني,position_held,نائب رئيس المجلس البلدي,نائب رئيس المجلس البلدي,<bor> حسين مزيد عويس هادي الديحاني <per> نائب رئيس المجلس البلدي <concept> position held <rt> نائب رئيس المجلس البلدي <e>,train
115,حسين مزيد الديحاني عضو مجلس الأمة.,حسين مزيد عويس هادي الديحاني,position_held,عضو مجلس الأمة,عضو مجلس الأمة,<bor> حسين مزيد عويس هادي الديحاني <per> عضو مجلس الأمة <concept> position held <rt> عضو مجلس الأمة <e>,train
116,اعتمد مشروع مرسوم تعيين الدكتوره شفيقه العوضي مديرا عاما للهييه بدرجه وكيل وزاره.,شفيقه العوضي,position_held,مديرا عاما للهييه بدرجه وكيل وزاره,تعيين الدكتوره شفيقه العوضي مديرا عاما للهييه بدرجه وكيل وزاره,<bor> شفيقه العوضي <per> مديرا عاما للهييه بدرجه وكيل وزاره <concept> position held <rt> تعيين الدكتوره شفيقه العوضي مديرا عاما للهييه بدرجه وكيل وزاره <e>,train
117,تركي محمد فلاح فالح المجليه العازمي سياسي.,تركي محمد فلاح فالح المجليه العازمي,position_held,سياسي,سياسي,<bor> تركي محمد فلاح فالح المجليه العازمي <per> سياسي <concept> position held <rt> سياسي <e>,test
118,أشرف الوزير عبدالله الهاجري على تشكيل فرق لمتابعة فواتير القياديين في الدولة.,عبدالله الهاجري,position_held,الوزير,الوزير عبدالله الهاجري,<bor> عبدالله الهاجري <per> الوزير <concept> position held <rt> الوزير عبدالله الهاجري <e>,train
119,سالم مثيب الاذينه العازمي وزير كويتي سابق.,سالم مثيب الاذينه العازمي,position_held,وزير كويتي سابق,وزير كويتي سابق,<bor> سالم مثيب الاذينه العازمي <per> وزير كويتي سابق <concept> position held <rt> وزير كويتي سابق <e>,validation
120,شغل سالم مثيب أحمد مثيب الأذينة منصب رئيس الهيئة العامة للاتصالات وتقنية المعلومات بدرجة وزير.,سالم مثيب أحمد مثيب الأذينة,position_held,رئيس الهيئة العامة للاتصالات وتقنية المعلومات بدرجة وزير,شغل منصب رئيس الهيئة العامة للاتصالات وتقنية المعلومات بدرجة وزير,<bor> سالم مثيب أحمد مثيب الأذينة <per> رئيس الهيئة العامة للاتصالات وتقنية المعلومات بدرجة وزير <concept> position held <rt> شغل منصب رئيس الهيئة العامة للاتصالات وتقنية المعلومات بدرجة وزير <e>,test
121,صالح عبد الوهاب حسين الرومي سياسي.,صالح عبد الوهاب حسين الرومي,position_held,سياسي,سياسي,<bor> صالح عبد الوهاب حسين الرومي <per> سياسي <concept> position held <rt> سياسي <e>,train
122,فيصل عبدالرحمن مدلج محمد المدلج وزير الدولة لشؤون مجلس الوزراء.,فيصل عبدالرحمن مدلج محمد المدلج,position_held,وزير الدولة لشؤون مجلس الوزراء,وزير الدولة لشؤون مجلس الوزراء,<bor> فيصل عبدالرحمن مدلج محمد المدلج <per> وزير الدولة لشؤون مجلس الوزراء <concept> position held <rt> وزير الدولة لشؤون مجلس الوزراء <e>,train
123,عباس حسين شعبان الخضاري سياسي.,عباس حسين شعبان الخضاري,position_held,سياسي,سياسي,<bor> عباس حسين شعبان الخضاري <per> سياسي <concept> position held <rt> سياسي <e>,validation
124,نوره العجمي وكيل وزاره التجاره المساعد للاعمال الرقابيه.,نوره العجمي,position_held,وكيل وزاره التجاره المساعد للاعمال الرقابيه,وكيل وزاره التجاره المساعد للاعمال الرقابيه,<bor> نوره العجمي <per> وكيل وزاره التجاره المساعد للاعمال الرقابيه <concept> position held <rt> وكيل وزاره التجاره المساعد للاعمال الرقابيه <e>,train
125,في مجلس الامه 2020، اشترك محمد المطير بتقديم استجواب لرئيس مجلس الوزراء.,محمد المطير,position_held,عضو مجلس الأمة,في مجلس الامه 2020، اشترك محمد المطير بتقديم استجواب,<bor> محمد المطير <per> عضو مجلس الأمة <concept> position held <rt> في مجلس الامه 2020، اشترك محمد المطير بتقديم استجواب <e>,train
126,حمد خليفه الحميده العازمي سياسي.,حمد خليفه الحميده العازمي,position_held,سياسي,سياسي,<bor> حمد خليفه الحميده العازمي <per> سياسي <concept> position held <rt> سياسي <e>,validation
127,فيصل جاسم عبدالله القضيبي سياسي.,فيصل جاسم عبدالله القضيبي,position_held,سياسي,سياسي,<bor> فيصل جاسم عبدالله القضيبي <per> سياسي <concept> position held <rt> سياسي <e>,train
128,أكد العميد ايمن احمد عثمان لسودان تربيون أن ولايات الخرطوم والنيل الأبيض والجزيرة الآن خالية من مليشيات الدعم السريع.,ايمن احمد عثمان,position_held,العميد,العميد ايمن احمد عثمان,<bor> ايمن احمد عثمان <per> العميد <concept> position held <rt> العميد ايمن احمد عثمان <e>,train
129,جاسم اسماعيل جمعه نائب في مجلس الأمة الكويتي.,جاسم اسماعيل جمعه,position_held,نائب في مجلس الأمة الكويتي,نائب في مجلس الأمة الكويتي,<bor> جاسم اسماعيل جمعه <per> نائب في مجلس الأمة الكويتي <concept> position held <rt> نائب في مجلس الأمة الكويتي <e>,train
130,راشد سيف الحجيلان سياسي.,راشد سيف الحجيلان,position_held,سياسي,سياسي,<bor> راشد سيف الحجيلان <per> سياسي <concept> position held <rt> سياسي <e>,train
131,عبدالعزيز بودستور هو مدير المصنفات الفنية.,عبدالعزيز بودستور,position_held,مدير المصنفات الفنيه,هو مدير المصنفات الفنية,<bor> عبدالعزيز بودستور <per> مدير المصنفات الفنيه <concept> position held <rt> هو مدير المصنفات الفنية <e>,train
132,عسكر عويد عسكر بقان العنزي نائب سابق.,عسكر عويد عسكر بقان العنزي,position_held,نائب سابق,نائب سابق,<bor> عسكر عويد عسكر بقان العنزي <per> نائب سابق <concept> position held <rt> نائب سابق <e>,train
133,فارس سعد عيد عبد الله العتيبي سياسي.,فارس سعد عيد عبد الله العتيبي,position_held,سياسي,سياسي,<bor> فارس سعد عيد عبد الله العتيبي <per> سياسي <concept> position held <rt> سياسي <e>,train
134,عبدالرزاق مشاري العدواني وزير.,عبدالرزاق مشاري العدواني,position_held,وزير,وزير,<bor> عبدالرزاق مشاري العدواني <per> وزير <concept> position held <rt> وزير <e>,validation
135,احمد الطخيم سياسي.,احمد الطخيم,position_held,سياسي,سياسي,<bor> احمد الطخيم <per> سياسي <concept> position held <rt> سياسي <e>,train
136,سلطان سلمان سلطان العجمي سياسي.,سلطان سلمان سلطان العجمي,position_held,سياسي,سياسي,<bor> سلطان سلمان سلطان العجمي <per> سياسي <concept> position held <rt> سياسي <e>,train
137,تقلد مزعل محمد هادي محمد النمران منصب رئيس قسم الفحص الفني لمحافظة حولي.,مزعل محمد هادي محمد النمران,position_held,رئيس قسم الفحص الفني لمحافظة حولي,تقلد منصب رئيس قسم الفحص الفني لمحافظة حولي,<bor> مزعل محمد هادي محمد النمران <per> رئيس قسم الفحص الفني لمحافظة حولي <concept> position held <rt> تقلد منصب رئيس قسم الفحص الفني لمحافظة حولي <e>,validation
138,محمد مروي الهديه نائب في مجلس الأمة.,محمد مروي الهديه,position_held,نائب في مجلس الأمة,نائب في مجلس الأمة,<bor> محمد مروي الهديه <per> نائب في مجلس الأمة <concept> position held <rt> نائب في مجلس الأمة <e>,train
139,سعود نشمي عواد معلج الحريجي سياسي.,سعود نشمي عواد معلج الحريجي,position_held,سياسي,سياسي,<bor> سعود نشمي عواد معلج الحريجي <per> سياسي <concept> position held <rt> سياسي <e>,train
140,الشيخ حمد جابر العلي الصباح هو نائب رئيس مجلس الوزراء ووزير الدفاع.,الشيخ حمد جابر العلي الصباح,position_held,نائب رئيس مجلس الوزراء ووزير الدفاع,هو نائب رئيس مجلس الوزراء ووزير الدفاع,<bor> الشيخ حمد جابر العلي الصباح <per> نائب رئيس مجلس الوزراء ووزير الدفاع <concept> position held <rt> هو نائب رئيس مجلس الوزراء ووزير الدفاع <e>,train
141,مبارك براك سالم حطاب الهيفي من الاسلاميون المستقلون.,مبارك براك سالم حطاب الهيفي,position_held,الاسلاميون المستقلون,من الاسلاميون المستقلون,<bor> مبارك براك سالم حطاب الهيفي <per> الاسلاميون المستقلون <concept> position held <rt> من الاسلاميون المستقلون <e>,train
142,عبدالعزيز الفودري هو امر قاعدة احمد الجابر الجوية العقيد الركن طيار.,عبدالعزيز الفودري,position_held,امر قاعدة احمد الجابر الجوية العقيد الركن طيار,هو امر قاعدة احمد الجابر الجوية العقيد الركن طيار,<bor> عبدالعزيز الفودري <per> امر قاعدة احمد الجابر الجوية العقيد الركن طيار <concept> position held <rt> هو امر قاعدة احمد الجابر الجوية العقيد الركن طيار <e>,validation
143,بخيت شبيب بخيت الرشيدي وزير النفط ووزير الكهرباء والماء.,بخيت شبيب بخيت الرشيدي,position_held,وزير النفط,وزير النفط,<bor> بخيت شبيب بخيت الرشيدي <per> وزير النفط <concept> position held <rt> وزير النفط <e>,train
144,النايب عبدالله فالح رجعان راعي الفحماء.,عبدالله فالح رجعان راعي الفحماء,position_held,النايب,النايب عبدالله فالح رجعان راعي الفحماء,<bor> عبدالله فالح رجعان راعي الفحماء <per> النايب <concept> position held <rt> النايب عبدالله فالح رجعان راعي الفحماء <e>,train
145,صياح شايع صياح ابو شيبه سياسي.,صياح شايع صياح ابو شيبه,position_held,سياسي,سياسي,<bor> صياح شايع صياح ابو شيبه <per> سياسي <concept> position held <rt> سياسي <e>,train
146,سعد زنيفر سعد علي العازمي سياسي.,سعد زنيفر سعد علي العازمي,position_held,سياسي,سياسي,<bor> سعد زنيفر سعد علي العازمي <per> سياسي <concept> position held <rt> سياسي <e>,train
147,منال عبود أول سيدة تترشح لمنصب العمودية على مستوى محافظة المنوفية.,منال عبود,position_held,مرشحة لمنصب العمودية,تترشح لمنصب العمودية,<bor> منال عبود <per> مرشحة لمنصب العمودية <concept> position held <rt> تترشح لمنصب العمودية <e>,test
148,عبد الرحمن سالم العتيقي وزير المالية.,عبد الرحمن سالم العتيقي,position_held,وزير المالية,وزير المالية,<bor> عبد الرحمن سالم العتيقي <per> وزير المالية <concept> position held <rt> وزير المالية <e>,validation
149,منيزل جاسر فجري العنزي سياسي.,منيزل جاسر فجري العنزي,position_held,سياسي,سياسي,<bor> منيزل جاسر فجري العنزي <per> سياسي <concept> position held <rt> سياسي <e>,validation
150,ناصر المطيري هو الأمين العام لحوار التعاون الآسيوي.,ناصر المطيري,position_held,الامين العام لحوار التعاون الاسيوي,هو الأمين العام لحوار التعاون الآسيوي,<bor> ناصر المطيري <per> الامين العام لحوار التعاون الاسيوي <concept> position held <rt> هو الأمين العام لحوار التعاون الآسيوي <e>,validation
151,راشد سالم العميري وزير النفط في دولة الكويت.,راشد سالم العميري,position_held,وزير النفط في دولة الكويت,وزير النفط في دولة الكويت,<bor> راشد سالم العميري <per> وزير النفط في دولة الكويت <concept> position held <rt> وزير النفط في دولة الكويت <e>,test
152,الدكتور جاسم الاستاذ وزير الكهرباء والماء والطاقه المتجدده.,الدكتور جاسم الاستاذ,position_held,وزير الكهرباء والماء والطاقه المتجدده,وزير الكهرباء والماء والطاقه المتجدده,<bor> الدكتور جاسم الاستاذ <per> وزير الكهرباء والماء والطاقه المتجدده <concept> position held <rt> وزير الكهرباء والماء والطاقه المتجدده <e>,test
153,سعاد الفضلي عميد كليه العلوم الطبيه المساعده.,سعاد الفضلي,position_held,عميد كليه العلوم الطبيه المساعده,عميد كليه العلوم الطبيه المساعده,<bor> سعاد الفضلي <per> عميد كليه العلوم الطبيه المساعده <concept> position held <rt> عميد كليه العلوم الطبيه المساعده <e>,test
154,محمد الحمد عمل ضابطا بالشرطة الكويتية.,محمد الحمد,position_held,ضابط بالشرطة الكويتية,عمل ضابطا بالشرطة الكويتية,<bor> محمد الحمد <per> ضابط بالشرطة الكويتية <concept> position held <rt> عمل ضابطا بالشرطة الكويتية <e>,train
155,محمد عوض عبيد محمد سالم الرقيب المطيري سياسي كويتي.,محمد عوض عبيد محمد سالم الرقيب المطيري,position_held,سياسي كويتي,سياسي كويتي,<bor> محمد عوض عبيد محمد سالم الرقيب المطيري <per> سياسي كويتي <concept> position held <rt> سياسي كويتي <e>,train
156,عُين الشيخ عبدالله علي عبدالله السالم الصباح وزيرا للدفاع.,الشيخ عبدالله علي عبدالله السالم الصباح,position_held,وزيرا للدفاع,عُين الشيخ عبدالله علي عبدالله السالم الصباح وزيرا للدفاع,<bor> الشيخ عبدالله علي عبدالله السالم الصباح <per> وزيرا للدفاع <concept> position held <rt> عُين الشيخ عبدالله علي عبدالله السالم الصباح وزيرا للدفاع <e>,train
157,طلال المطيري هو مندوب دولة الكويت الدائم لدى جامعة الدول العربية.,طلال المطيري,position_held,مندوب دولة الكويت الدائم لدى جامعة الدول العربية,هو مندوب دولة الكويت الدائم لدى جامعة الدول العربية,<bor> طلال المطيري <per> مندوب دولة الكويت الدائم لدى جامعة الدول العربية <concept> position held <rt> هو مندوب دولة الكويت الدائم لدى جامعة الدول العربية <e>,train
158,ناصر عبدالعزيز حسن صرخوه عضو مجلس عام 1981 عن دائرة الرميثية.,ناصر عبدالعزيز حسن صرخوه,position_held,عضو مجلس عام 1981 عن دائرة الرميثية,عضو مجلس عام 1981 عن دائرة الرميثية,<bor> ناصر عبدالعزيز حسن صرخوه <per> عضو مجلس عام 1981 عن دائرة الرميثية <concept> position held <rt> عضو مجلس عام 1981 عن دائرة الرميثية <e>,train
159,شغلت غدير محمد محمود غلوم رضا أسيري منصب وزيرة الشؤون الاجتماعية.,غدير محمد محمود غلوم رضا أسيري,position_held,وزيرة الشؤون الاجتماعية,شغلت منصب وزيرة الشؤون الاجتماعية,<bor> غدير محمد محمود غلوم رضا أسيري <per> وزيرة الشؤون الاجتماعية <concept> position held <rt> شغلت منصب وزيرة الشؤون الاجتماعية <e>,train
160,راشد سلمان محمد الهبيده العازمي عضو مجلس امه سابق.,راشد سلمان محمد الهبيده العازمي,position_held,عضو مجلس امه سابق,عضو مجلس امه سابق,<bor> راشد سلمان محمد الهبيده العازمي <per> عضو مجلس امه سابق <concept> position held <rt> عضو مجلس امه سابق <e>,train
161,نورية صبيح براك الصبيح وزير التربيه ووزير التعليم العالي.,نوريه صبيح براك الصبيح,position_held,وزير التربيه,وزير التربيه,<bor> نوريه صبيح براك الصبيح <per> وزير التربيه <concept> position held <rt> وزير التربيه <e>,train
162,عبدالعزيز عبدالوهاب العدساني نايب.,عبدالعزيز عبدالوهاب العدساني,position_held,نايب,نايب,<bor> عبدالعزيز عبدالوهاب العدساني <per> نايب <concept> position held <rt> نايب <e>,train
163,صدر مرسوم أميري بتعيين صبيح عبدالعزيز عبدالمحسن المخيزيم وزيراً للكهرباء والماء والطاقة المتجددة.,صبيح عبدالعزيز عبدالمحسن المخيزيم,position_held,وزير الكهرباء والماء والطاقه المتجدده,بتعيين صبيح عبدالعزيز عبدالمحسن المخيزيم وزيراً للكهرباء والماء والطاقة المتجددة,<bor> صبيح عبدالعزيز عبدالمحسن المخيزيم <per> وزير الكهرباء والماء والطاقه المتجدده <concept> position held <rt> بتعيين صبيح عبدالعزيز عبدالمحسن المخيزيم وزيراً للكهرباء والماء والطاقة المتجددة <e>,validation
164,النايب حسين قويعان محمد الشريف المطيري.,حسين قويعان محمد الشريف المطيري,position_held,النايب,النايب حسين قويعان محمد الشريف المطيري,<bor> حسين قويعان محمد الشريف المطيري <per> النايب <concept> position held <rt> النايب حسين قويعان محمد الشريف المطيري <e>,train
165,سعود ارشيد الرشيدي سياسي.,سعود ارشيد الرشيدي,position_held,سياسي,سياسي,<bor> سعود ارشيد الرشيدي <per> سياسي <concept> position held <rt> سياسي <e>,train
166,ضاري عبدالله العثمان هو المستشار بديوان سمو ولي العهد.,ضاري عبدالله العثمان,position_held,المستشار بديوان سمو ولي العهد,هو المستشار بديوان سمو ولي العهد,<bor> ضاري عبدالله العثمان <per> المستشار بديوان سمو ولي العهد <concept> position held <rt> هو المستشار بديوان سمو ولي العهد <e>,train
167,مبارك عبدالله علي صنيدح العجمي رئيس عام لجان الانتخابات العامة لقبيلة العجمان.,مبارك عبدالله علي صنيدح العجمي,position_held,رئيس عام لجان الانتخابات العامة لقبيلة العجمان,رئيس عام لجان الانتخابات العامة لقبيلة العجمان,<bor> مبارك عبدالله علي صنيدح العجمي <per> رئيس عام لجان الانتخابات العامة لقبيلة العجمان <concept> position held <rt> رئيس عام لجان الانتخابات العامة لقبيلة العجمان <e>,test
168,النايب ضيف الله فضيل ضيف الله ابو رميه.,ضيف الله فضيل ضيف الله ابو رميه,position_held,النايب,النايب ضيف الله فضيل ضيف الله ابو رميه,<bor> ضيف الله فضيل ضيف الله ابو رميه <per> النايب <concept> position held <rt> النايب ضيف الله فضيل ضيف الله ابو رميه <e>,train
169,مي جاسم محمد البغلي وزير دولة لشؤون المرأة والطفولة.,مي جاسم محمد البغلي,position_held,وزير دولة لشؤون المرأة والطفولة,وزير دولة لشؤون المرأة والطفولة,<bor> مي جاسم محمد البغلي <per> وزير دولة لشؤون المرأة والطفولة <concept> position held <rt> وزير دولة لشؤون المرأة والطفولة <e>,train
170,مشعان مجبل عواد بطي العازمي نائب سابق في مجلس الأمة الكويتي.,مشعان مجبل عواد بطي العازمي,position_held,نائب سابق في مجلس الأمة الكويتي,نائب سابق في مجلس الأمة الكويتي,<bor> مشعان مجبل عواد بطي العازمي <per> نائب سابق في مجلس الأمة الكويتي <concept> position held <rt> نائب سابق في مجلس الأمة الكويتي <e>,train
171,محمد الجويهل نايب سابق في مجلس الامه الكويتي.,محمد الجويهل,position_held,نايب سابق في مجلس الامه الكويتي,نايب سابق في مجلس الامه الكويتي,<bor> محمد الجويهل <per> نايب سابق في مجلس الامه الكويتي <concept> position held <rt> نايب سابق في مجلس الامه الكويتي <e>,train
172,فهيد العجمي عضو المجلس البلدي.,فهيد العجمي,position_held,عضو المجلس البلدي,عضو المجلس البلدي,<bor> فهيد العجمي <per> عضو المجلس البلدي <concept> position held <rt> عضو المجلس البلدي <e>,train
173,عواد برد العنزي سياسي.,عواد برد العنزي,position_held,سياسي,سياسي,<bor> عواد برد العنزي <per> سياسي <concept> position held <rt> سياسي <e>,train
174,جاسم احمد سلمان الاستاذ سياسي.,جاسم احمد سلمان الاستاذ,position_held,سياسي,سياسي,<bor> جاسم احمد سلمان الاستاذ <per> سياسي <concept> position held <rt> سياسي <e>,test
175,خالد عايد العنزي نائب سابق في مجلس الأمة الكويتي.,خالد عايد العنزي,position_held,نائب سابق في مجلس الأمة الكويتي,نائب سابق في مجلس الأمة الكويتي,<bor> خالد عايد العنزي <per> نائب سابق في مجلس الأمة الكويتي <concept> position held <rt> نائب سابق في مجلس الأمة الكويتي <e>,train
176,خالد عايد العنزي هو النايب.,خالد عايد العنزي,position_held,النايب,هو النايب,<bor> خالد عايد العنزي <per> النايب <concept> position held <rt> هو النايب <e>,train
177,وزير النفط مصطفي جاسم الشمالي.,مصطفي جاسم الشمالي,position_held,وزير النفط,وزير النفط مصطفي جاسم الشمالي,<bor> مصطفي جاسم الشمالي <per> وزير النفط <concept> position held <rt> وزير النفط مصطفي جاسم الشمالي <e>,test
178,معالي وزير الماليه مصطفى جاسم الشمالي.,مصطفى جاسم الشمالي,position_held,وزير الماليه,وزير الماليه مصطفى جاسم الشمالي,<bor> مصطفى جاسم الشمالي <per> وزير الماليه <concept> position held <rt> وزير الماليه مصطفى جاسم الشمالي <e>,train
179,وزير التربيه يحيل الوكيله فاطمه الكندري للتقاعد رسميا.,فاطمه الكندري,position_held,الوكيله,الوكيله فاطمه الكندري,<bor> فاطمه الكندري <per> الوكيله <concept> position held <rt> الوكيله فاطمه الكندري <e>,validation
180,عين صلاح عبدالرضا عبدالله خورشيد وزيرا لوزارة التجارة والصناعة عام 2001.,صلاح عبدالرضا عبدالله خورشيد,position_held,وزيرا لوزارة التجارة والصناعة,عين صلاح عبدالرضا عبدالله خورشيد وزيرا لوزارة التجارة والصناعة,<bor> صلاح عبدالرضا عبدالله خورشيد <per> وزيرا لوزارة التجارة والصناعة <concept> position held <rt> عين صلاح عبدالرضا عبدالله خورشيد وزيرا لوزارة التجارة والصناعة <e>,train
181,فالح حمود الصويلح العازمي سياسي.,فالح حمود الصويلح العازمي,position_held,سياسي,سياسي,<bor> فالح حمود الصويلح العازمي <per> سياسي <concept> position held <rt> سياسي <e>,train
182,سليمان يوسف صالح الذويخ سياسي.,سليمان يوسف صالح الذويخ,position_held,سياسي,سياسي,<bor> سليمان يوسف صالح الذويخ <per> سياسي <concept> position held <rt> سياسي <e>,validation
183,محمد الشمري وزير الدفاع في حكومه جمهوريه الصومال الفيدراليه.,محمد الشمري,position_held,وزير الدفاع في حكومه جمهوريه الصومال الفيدراليه,وزير الدفاع في حكومه جمهوريه الصومال الفيدراليه,<bor> محمد الشمري <per> وزير الدفاع في حكومه جمهوريه الصومال الفيدراليه <concept> position held <rt> وزير الدفاع في حكومه جمهوريه الصومال الفيدراليه <e>,validation
184,محمد الشمري القائم بالأعمال بالإنابة في سفارة دولة قطر بمقديشو.,محمد الشمري,position_held,القائم بالأعمال بالإنابة في سفارة دولة قطر بمقديشو,القائم بالأعمال بالإنابة في سفارة دولة قطر بمقديشو,<bor> محمد الشمري <per> القائم بالأعمال بالإنابة في سفارة دولة قطر بمقديشو <concept> position held <rt> القائم بالأعمال بالإنابة في سفارة دولة قطر بمقديشو <e>,validation
185,بدر شبيب الشريعان وزير الكهرباء والماء.,بدر شبيب الشريعان,position_held,وزير الكهرباء والماء,وزير الكهرباء والماء,<bor> بدر شبيب الشريعان <per> وزير الكهرباء والماء <concept> position held <rt> وزير الكهرباء والماء <e>,train
186,حامد البذالي سياسي.,حامد البذالي,position_held,سياسي,سياسي,<bor> حامد البذالي <per> سياسي <concept> position held <rt> سياسي <e>,train
187,فاز احمد سعد الدين في انتخابات مجلس النواب.,احمد سعد الدين,position_held,نائب في مجلس النواب,فاز في انتخابات مجلس النواب,<bor> احمد سعد الدين <per> نائب في مجلس النواب <concept> position held <rt> فاز في انتخابات مجلس النواب <e>,train
188,نواف الفزيع نائب في مجلس الأمة الكويتي المبطل ديسمبر 2012.,نواف الفزيع,position_held,نائب في مجلس الأمة الكويتي المبطل ديسمبر 2012,نائب في مجلس الأمة الكويتي المبطل ديسمبر 2012,<bor> نواف الفزيع <per> نائب في مجلس الأمة الكويتي المبطل ديسمبر 2012 <concept> position held <rt> نائب في مجلس الأمة الكويتي المبطل ديسمبر 2012 <e>,validation
189,بدر العازمي هو مسؤول الشؤون القنصلية.,بدر العازمي,position_held,مسؤول الشؤون القنصلية,هو مسؤول الشؤون القنصلية,<bor> بدر العازمي <per> مسؤول الشؤون القنصلية <concept> position held <rt> هو مسؤول الشؤون القنصلية <e>,train
190,فيصل سعيد نافل سعد الغريب وزير العدل.,فيصل سعيد نافل سعد الغريب,position_held,وزير العدل,وزير العدل,<bor> فيصل سعيد نافل سعد الغريب <per> وزير العدل <concept> position held <rt> وزير العدل <e>,train
191,سالم الحجرف وزير الكهرباء والماء والطاقة المتجددة ووزير الدولة لشؤون الإسكان.,سالم فلاح مبارك الحجرف,position_held,وزير الكهرباء والماء والطاقة المتجددة ووزير الدولة لشؤون الإسكان,وزير الكهرباء والماء والطاقة المتجددة ووزير الدولة لشؤون الإسكان,<bor> سالم فلاح مبارك الحجرف <per> وزير الكهرباء والماء والطاقة المتجددة ووزير الدولة لشؤون الإسكان <concept> position held <rt> وزير الكهرباء والماء والطاقة المتجددة ووزير الدولة لشؤون الإسكان <e>,test
192,الشيخ عبدالله علي عبدالله السالم الصباح هو وزير الدفاع.,الشيخ عبدالله علي عبدالله السالم الصباح,position_held,وزير الدفاع,هو وزير الدفاع,<bor> الشيخ عبدالله علي عبدالله السالم الصباح <per> وزير الدفاع <concept> position held <rt> هو وزير الدفاع <e>,train
193,حمود يوسف النصف سياسي.,حمود يوسف النصف,position_held,سياسي,سياسي,<bor> حمود يوسف النصف <per> سياسي <concept> position held <rt> سياسي <e>,train
194,احمد عبدالمحسن تركي المليفي وزير العدل بالكويت سابقا.,احمد عبدالمحسن تركي المليفي,position_held,وزير العدل بالكويت سابقا,وزير العدل بالكويت سابقا,<bor> احمد عبدالمحسن تركي المليفي <per> وزير العدل بالكويت سابقا <concept> position held <rt> وزير العدل بالكويت سابقا <e>,train
195,رجا حجيلان شباب المطيري نايب سابق في مجلس الامه الكويتي.,رجا حجيلان شباب المطيري,position_held,نايب سابق في مجلس الامه الكويتي,نايب سابق في مجلس الامه الكويتي,<bor> رجا حجيلان شباب المطيري <per> نايب سابق في مجلس الامه الكويتي <concept> position held <rt> نايب سابق في مجلس الامه الكويتي <e>,test
196,مهلهل المضف نائب في مجلس الأمة الكويتي.,مهلهل خالد احمد المضف,position_held,نائب في مجلس الأمة الكويتي,نائب في مجلس الأمة الكويتي,<bor> مهلهل خالد احمد المضف <per> نائب في مجلس الأمة الكويتي <concept> position held <rt> نائب في مجلس الأمة الكويتي <e>,validation
197,طاهر الفيلكاوي سياسي.,طاهر الفيلكاوي,position_held,سياسي,سياسي,<bor> طاهر الفيلكاوي <per> سياسي <concept> position held <rt> سياسي <e>,train
